a0,a1,a2,a3,a4,a5,a6,a7,a8,a9,a10,a11,a12,a13,a14,a15,a16,a17,a18,a19,a20,a21,a22,a23,a24,a25,a26,a27,a28,a29,a30,a31,a32,a33,a34,a35,a36,a37,a38,a39,a40,a41,class
0,26,0,2,30,14,14,16,6,30,6,28,6,22,4,2,6,18,28,24,12,6,24,16,4,30,2,16,0,16,10,0,16,16,16,0,0,22,26,30,28,28,CS
4,26,0,0,30,30,6,18,2,12,6,0,14,20,30,2,2,30,16,0,16,6,16,0,0,18,30,0,0,24,6,2,24,16,16,16,0,0,16,12,30,12,CS
0,18,0,0,30,12,30,30,16,2,0,0,2,6,8,30,30,2,14,28,30,2,16,0,0,30,6,0,0,24,28,2,28,14,30,30,6,20,18,8,24,24,CS
0,26,20,2,26,14,30,28,6,14,6,28,30,28,30,30,4,30,24,12,30,0,16,16,2,6,30,16,0,0,0,0,0,20,0,24,0,18,16,0,18,0,CS
0,26,20,0,2,30,30,30,0,10,6,28,30,24,30,30,4,30,28,12,30,6,16,16,2,0,30,16,0,0,12,0,0,16,18,24,0,24,28,2,0,0,CS
0,26,20,0,18,30,30,16,0,14,6,28,28,28,30,30,4,28,24,12,30,6,16,16,0,16,14,16,0,0,30,0,0,16,0,30,0,8,28,18,16,0,CS
0,26,20,0,18,30,18,16,16,14,6,28,28,28,30,30,4,16,24,12,30,2,16,16,0,26,14,16,0,0,6,0,0,16,12,30,0,8,28,16,16,0,CS
0,26,16,0,30,22,0,16,0,30,6,28,28,28,30,30,4,22,24,12,30,2,16,16,2,26,14,16,0,0,6,0,0,24,6,26,0,0,28,8,18,24,CS
0,18,16,0,30,30,30,16,0,2,0,28,28,30,30,30,4,26,24,12,30,2,16,16,2,18,14,16,0,0,0,0,18,22,0,24,0,0,30,8,18,22,CS
0,18,16,0,30,30,30,16,0,0,0,12,28,30,30,6,6,26,28,8,30,2,24,16,2,2,30,0,0,0,0,0,0,26,0,24,0,12,30,24,2,0,CS
0,18,16,0,30,30,12,16,6,14,6,0,12,8,14,4,6,18,28,28,12,6,24,24,2,6,6,16,0,0,22,0,0,0,16,0,16,0,24,0,28,0,CS
0,18,16,0,30,30,30,16,4,4,6,0,8,28,14,6,6,16,28,8,28,6,16,24,2,6,10,20,0,0,22,0,0,0,0,0,0,0,8,0,24,0,CS
0,26,0,2,30,14,14,20,6,30,6,4,12,18,0,2,26,18,24,28,12,6,24,16,6,30,4,16,0,16,2,0,16,16,16,16,8,30,30,30,30,8,CS
0,26,20,0,30,30,14,16,0,6,2,30,8,28,0,6,30,16,8,28,12,6,16,24,0,6,6,16,0,0,2,0,0,16,0,0,16,0,0,0,28,0,CS
4,26,20,0,30,30,30,18,6,14,6,30,30,6,0,22,0,28,28,30,30,30,28,16,30,0,6,16,0,0,24,0,16,16,24,28,24,30,0,28,0,28,CS
4,26,20,0,30,14,30,22,6,14,6,30,30,0,14,30,2,8,28,28,30,30,28,28,14,6,6,24,0,0,0,0,0,16,0,30,16,30,28,24,0,24,CS
4,26,20,0,30,12,30,22,6,14,6,30,30,0,14,30,14,0,28,24,28,30,28,24,10,18,6,18,16,0,8,16,0,24,0,30,0,30,30,24,16,16,CS
0,26,20,0,30,30,30,26,0,6,2,30,30,20,14,30,30,0,8,24,28,14,28,24,2,2,6,16,16,0,8,0,2,28,0,2,16,2,24,16,20,16,CS
4,18,16,0,30,28,30,8,14,14,6,28,28,12,30,6,6,18,16,24,8,0,24,16,2,6,30,0,0,2,12,2,0,30,2,16,0,14,30,0,0,0,CS
0,26,20,0,30,28,30,26,14,6,6,28,28,8,30,14,6,18,24,24,24,4,28,16,16,6,30,16,0,6,8,0,0,30,2,16,16,30,12,16,0,18,CS
0,26,20,0,30,30,30,26,10,6,6,30,28,24,30,6,6,2,24,24,28,6,28,16,0,30,30,20,0,18,8,0,2,30,2,16,0,30,12,0,0,18,CS
0,26,20,0,30,30,30,26,2,0,2,30,28,24,30,6,6,2,20,24,28,6,24,16,0,30,30,24,0,18,8,0,2,30,2,0,16,24,28,0,0,18,CS
0,26,20,0,30,30,30,28,2,18,0,28,28,24,30,6,14,26,24,24,24,6,24,16,16,14,30,24,0,22,8,0,2,30,2,8,16,8,30,0,0,18,CS
0,26,0,2,30,22,0,20,14,30,6,12,0,2,4,6,30,16,0,24,8,6,24,16,6,30,6,16,0,0,2,0,16,16,0,24,12,30,30,14,30,0,CS
0,24,20,0,30,30,30,28,6,30,6,28,28,24,30,6,14,10,24,8,28,6,24,16,20,14,30,16,0,18,8,0,2,25,2,8,0,8,30,0,0,0,CS
0,0,4,2,30,6,28,18,28,0,0,0,8,14,6,2,2,12,30,0,0,0,0,0,16,16,30,0,2,2,24,2,6,30,6,18,0,2,0,0,26,22,CS
0,0,4,2,0,6,30,24,0,26,0,0,30,14,30,2,6,26,30,28,4,0,16,0,18,16,26,0,0,2,26,0,2,30,14,6,0,22,2,16,30,14,CS
0,0,4,2,16,6,30,18,8,12,6,4,0,14,30,2,2,22,0,24,0,0,16,0,2,24,14,16,0,0,30,0,2,16,30,2,0,6,2,0,30,14,CS
0,8,4,2,30,28,2,30,28,6,6,0,30,6,30,14,6,30,24,0,30,2,0,26,2,18,28,26,0,0,2,0,0,30,6,14,6,2,6,0,2,0,CS
0,8,4,2,30,28,14,26,28,14,6,14,30,30,30,6,6,22,0,4,30,2,0,26,2,16,22,26,0,0,6,0,0,30,14,6,6,6,2,0,30,24,CS
0,8,4,2,30,28,14,30,28,30,6,12,30,14,30,6,6,0,0,4,30,2,0,26,2,18,22,24,0,0,6,0,0,30,6,18,2,6,6,0,30,0,CS
0,8,4,2,30,28,14,24,28,30,6,14,30,14,30,6,6,0,16,4,30,18,0,26,6,16,22,26,0,0,30,0,0,14,6,26,6,0,22,0,0,0,CS
0,8,4,2,30,24,30,24,28,30,6,30,30,14,30,6,6,18,24,4,26,26,0,30,14,18,30,26,0,0,0,0,0,30,28,0,0,16,0,0,0,18,CS
0,8,4,2,30,24,30,28,28,14,6,30,30,12,30,6,6,18,24,4,26,30,0,26,22,16,30,18,0,0,18,0,0,30,24,0,2,16,0,0,16,18,CS
0,26,0,2,30,2,0,28,14,30,6,12,28,0,28,2,2,18,0,16,16,22,16,16,6,14,6,16,0,0,10,0,0,16,0,0,14,14,30,14,30,24,CS
0,8,4,6,30,28,30,28,28,14,6,6,14,12,30,6,6,18,24,4,26,26,0,26,2,0,30,18,0,0,6,0,8,30,20,2,22,0,0,2,24,22,CS
0,0,16,0,24,12,30,16,16,30,6,247,225,30,14,6,22,2,253,24,12,20,24,16,30,2,0,16,0,0,0,0,0,253,18,16,0,16,0,0,0,209,CS
0,0,16,0,24,12,30,30,28,14,6,225,225,30,206,134,22,2,253,156,4,30,16,0,30,0,4,16,0,0,16,0,0,249,0,16,16,18,16,0,16,193,CS
0,0,16,0,24,12,30,30,14,30,6,225,249,30,206,134,134,18,253,156,14,30,16,16,30,0,4,0,0,0,20,0,0,241,0,16,16,14,22,0,18,209,CS
0,0,16,0,24,12,30,30,14,14,6,225,237,30,223,6,6,2,253,221,140,30,152,0,30,4,12,0,0,0,22,0,0,241,0,24,0,24,16,16,0,193,CS
0,0,16,0,24,14,30,30,30,14,6,225,253,14,207,6,22,2,253,221,140,30,152,0,14,2,16,0,0,0,0,0,0,241,0,28,0,28,16,16,0,193,CS
0,0,16,0,0,14,22,30,30,14,6,137,217,6,30,14,30,0,253,156,14,30,24,0,28,6,24,0,0,0,0,0,28,249,24,28,30,24,16,0,0,129,CS
0,0,16,0,0,6,28,30,30,8,4,137,217,6,30,14,22,20,253,28,14,22,28,0,24,22,30,0,0,0,0,0,24,253,28,28,12,16,16,2,0,193,CS
0,0,16,0,0,30,14,16,28,2,6,201,249,6,133,14,30,20,255,221,140,22,157,28,0,22,30,16,0,0,0,0,8,253,16,16,137,16,16,151,0,225,CS
0,0,16,0,0,30,30,16,30,2,6,24,28,10,4,6,30,20,28,28,0,22,30,16,2,22,30,0,16,0,22,0,0,24,0,0,0,0,16,22,24,16,CS
4,26,0,2,30,14,18,18,14,0,0,28,28,4,28,22,2,22,16,24,28,6,16,16,14,6,12,16,16,0,0,16,0,24,0,0,16,2,2,14,30,30,CS
0,0,16,0,4,14,30,16,26,2,2,24,30,2,14,6,22,16,28,24,4,2,24,0,2,18,28,0,16,0,4,16,0,24,0,0,0,0,28,0,30,16,CS
0,2,16,0,30,30,14,16,0,0,0,28,30,6,30,22,26,24,28,14,30,0,0,16,0,8,0,0,0,0,18,0,24,16,28,16,24,16,0,30,8,30,CS
0,10,20,0,30,14,14,16,28,18,0,30,30,30,30,6,6,30,26,10,30,0,16,16,16,0,30,0,0,0,16,0,0,16,0,24,0,12,22,14,26,16,CS
0,10,20,0,30,14,14,16,24,18,0,30,30,30,30,6,6,30,26,8,28,0,18,16,24,0,24,16,0,0,16,0,16,16,0,16,16,12,30,14,26,16,CS
0,10,20,0,30,30,30,16,8,22,2,30,28,30,24,6,6,26,24,8,30,0,18,16,24,0,30,16,0,0,0,0,16,16,0,16,0,28,22,12,30,16,CS
0,8,20,0,30,30,14,16,20,4,6,30,28,30,24,6,6,26,24,30,28,0,26,16,24,0,24,0,0,0,0,0,16,16,0,16,16,12,22,14,30,0,CS
0,0,20,0,30,30,30,16,0,0,4,30,28,30,4,22,2,18,24,26,8,0,30,16,26,0,24,2,0,0,0,0,0,16,20,16,16,4,6,30,30,16,CS
0,0,16,0,30,30,30,24,16,24,0,30,28,6,28,6,22,2,26,30,24,16,22,18,0,0,0,18,0,0,20,0,0,16,8,20,16,28,6,30,8,16,CS
0,0,16,0,30,30,14,24,0,30,0,30,28,6,28,2,22,2,28,24,0,16,22,18,0,0,8,22,0,0,20,0,0,24,8,30,16,28,4,30,24,16,CS
0,0,16,0,16,10,30,24,14,52,0,159,223,22,28,0,22,0,253,28,0,16,28,24,0,0,0,18,0,0,16,2,0,120,2,30,0,24,20,17,24,251,CS
4,26,0,2,30,22,0,18,14,2,0,28,28,0,30,26,4,22,0,24,28,14,16,16,14,2,6,0,0,0,0,16,0,16,0,0,16,0,10,30,30,28,CS
0,0,16,0,16,30,30,24,14,254,129,159,223,6,30,6,18,0,249,24,8,0,28,16,16,0,0,18,0,0,16,2,0,249,2,30,129,24,20,209,16,233,CS
0,16,0,0,30,30,26,16,16,30,6,12,30,0,28,6,2,24,30,24,16,26,24,16,2,20,30,0,0,0,30,0,0,26,0,2,0,0,22,0,22,16,CS
0,16,0,0,30,30,24,20,24,30,6,8,30,0,12,10,6,8,26,28,0,18,16,0,2,6,12,16,0,30,6,8,20,26,0,2,30,2,2,0,16,0,CS
0,16,0,0,30,6,24,16,24,30,6,8,30,2,14,10,6,12,26,24,0,2,16,0,2,2,14,16,0,26,2,8,20,16,0,2,14,0,0,0,16,0,CS
0,24,0,0,30,0,30,16,16,14,6,30,30,0,30,14,6,0,22,24,24,2,16,16,6,30,14,8,20,0,4,0,4,8,0,2,12,2,2,20,24,26,CS
0,26,0,0,26,0,30,16,16,30,6,30,30,0,14,2,0,4,24,30,4,4,24,0,30,30,12,0,0,26,6,0,22,30,0,10,12,0,28,22,24,30,CS
0,26,0,0,30,30,2,16,24,14,6,30,14,30,30,6,6,30,24,4,30,26,0,16,2,4,30,16,0,0,24,0,0,16,4,30,30,2,30,30,0,30,CS
0,16,0,0,30,30,30,16,24,239,199,255,239,60,239,239,231,239,249,245,251,223,225,211,239,207,62,210,129,34,255,128,133,225,193,129,217,225,227,255,225,239,CS
0,16,0,0,10,30,30,16,30,4,6,255,253,22,152,38,102,0,249,221,151,230,217,128,38,239,0,128,12,22,46,0,0,241,16,0,225,1,0,253,22,239,CS
0,16,0,0,30,22,30,16,30,14,6,255,255,2,161,231,231,0,249,197,178,227,129,2,227,231,28,2,10,62,231,22,0,253,0,16,193,0,0,249,38,227,CS
4,26,0,2,30,16,16,18,14,2,6,28,28,0,28,2,2,30,0,20,16,2,0,0,6,2,6,0,0,16,0,0,0,24,0,0,16,2,26,4,6,30,CS
0,16,0,0,30,30,30,16,30,30,4,12,30,10,16,0,10,30,24,16,0,6,22,2,2,2,0,0,30,16,2,2,0,24,0,4,0,16,0,0,30,0,CS
0,0,0,0,2,30,30,16,6,6,6,30,30,22,4,4,30,22,28,22,2,6,8,30,24,6,8,0,0,2,4,0,0,30,6,30,26,0,18,24,0,0,CS
0,0,0,0,2,30,30,16,6,14,6,30,8,8,30,4,6,6,30,0,2,0,8,30,28,6,0,0,0,2,12,0,0,30,4,30,30,6,26,26,0,0,CS
0,0,0,0,2,30,30,16,2,6,6,30,8,14,30,0,2,6,22,0,16,6,0,30,12,14,4,0,0,2,30,0,10,30,28,30,0,2,26,2,4,20,CS
0,0,16,0,26,30,14,16,6,2,6,30,28,14,30,6,6,30,30,0,28,12,16,16,26,14,16,0,14,30,28,16,0,24,30,10,8,10,30,16,0,16,CS
0,0,16,0,30,30,6,16,2,14,6,28,24,14,30,22,2,30,26,8,30,8,16,0,26,0,0,0,0,26,28,6,26,24,30,30,0,10,30,16,0,16,CS
0,0,16,0,14,14,14,24,6,14,6,30,20,30,30,20,2,30,30,8,30,8,24,16,0,8,12,0,0,2,30,0,14,30,14,30,30,6,26,16,0,30,CS
0,0,16,0,30,30,30,24,0,14,6,20,2,30,30,6,2,30,26,8,30,28,16,16,28,4,26,0,0,2,28,8,14,30,30,30,30,30,30,20,0,30,CS
0,0,16,0,14,0,30,30,0,14,6,0,6,30,30,6,2,30,24,8,30,28,16,24,28,6,10,16,0,0,28,0,14,30,30,30,0,30,30,30,2,12,CS
0,0,16,0,22,16,30,22,0,14,6,0,2,30,26,6,2,30,24,8,30,24,24,24,30,14,2,16,0,0,30,0,0,28,30,30,0,28,28,30,18,8,CS
4,26,0,2,30,20,16,18,14,4,6,28,28,4,30,2,18,30,24,28,22,6,16,0,4,6,30,0,0,16,4,6,18,28,16,0,0,2,30,14,0,30,CS
0,0,16,0,2,0,30,18,0,6,6,0,14,30,26,6,22,30,24,12,30,0,16,24,14,14,30,24,16,0,28,0,0,24,24,28,2,30,20,14,26,8,CS
0,8,4,10,6,14,30,28,24,6,2,2,2,14,14,18,0,0,24,28,0,12,24,4,30,6,6,0,2,6,16,6,2,16,14,30,8,2,16,30,0,16,CS
0,8,28,0,14,14,30,28,24,6,2,2,30,14,14,30,0,16,24,16,0,12,24,4,30,0,6,0,2,6,16,6,2,16,14,30,24,2,2,28,0,24,CS
0,10,20,10,12,14,30,30,18,0,2,30,30,14,14,6,10,20,24,16,16,12,24,20,22,0,8,0,0,6,28,6,6,24,10,30,24,22,2,28,0,24,CS
0,10,20,10,12,14,30,28,16,2,6,30,30,14,14,6,10,14,24,28,16,2,16,0,0,8,14,0,2,6,14,0,6,24,0,14,0,22,2,30,24,28,CS
0,10,20,10,30,14,30,28,0,2,6,30,28,14,14,22,10,6,24,28,0,0,16,0,0,8,14,0,0,6,30,0,0,24,0,14,0,22,18,30,24,28,CS
0,10,28,14,30,14,30,30,0,0,6,30,28,14,14,6,26,6,24,24,0,0,16,0,16,12,6,0,0,6,30,0,0,28,0,12,0,30,18,30,16,30,CS
0,8,28,14,30,0,30,28,30,0,2,30,12,14,30,6,10,6,24,16,16,0,30,30,22,0,30,16,0,0,30,0,0,30,18,0,2,0,30,8,2,24,CS
0,8,30,12,30,0,30,28,30,16,0,28,14,30,30,6,14,14,24,16,16,0,30,30,22,0,14,16,0,0,2,0,0,30,22,0,2,10,14,0,0,24,CS
0,10,28,28,6,16,0,30,30,4,2,10,30,14,30,6,30,18,16,16,16,0,30,30,18,26,22,16,0,0,14,0,0,28,2,2,2,12,30,0,18,8,CS
4,26,0,2,30,30,6,18,6,30,6,28,12,28,30,2,2,30,24,0,16,2,16,0,4,30,30,0,0,16,4,6,26,20,18,0,0,0,30,14,6,30,CS
4,10,28,8,20,2,0,30,30,6,2,30,30,14,30,6,30,26,16,16,16,0,30,30,2,28,2,16,0,0,30,0,0,28,0,2,2,12,30,0,0,0,CS
0,0,0,0,30,24,30,16,30,6,2,1,129,2,8,22,26,30,237,30,24,0,30,30,24,14,16,0,0,2,0,4,6,247,2,2,16,2,10,30,20,94,CS
0,16,0,0,30,28,30,16,16,6,2,193,193,6,28,4,26,8,255,150,16,4,12,30,26,30,0,0,0,0,4,6,6,251,6,10,16,0,26,30,4,92,CS
0,16,0,0,26,28,30,16,0,6,2,0,133,6,28,0,26,14,255,22,18,20,12,30,24,30,0,0,0,2,4,4,6,255,6,10,24,2,30,22,0,94,CS
0,16,0,0,26,28,30,16,0,2,6,0,157,6,24,6,26,2,255,22,26,20,8,30,24,30,2,0,0,6,4,4,6,253,2,26,20,2,30,2,0,223,CS
0,16,0,0,26,28,30,16,0,14,6,0,30,14,8,6,26,18,253,30,26,20,12,30,24,26,4,0,0,6,4,4,6,241,2,26,30,10,30,0,0,30,CS
0,16,0,0,26,30,30,16,0,30,6,28,30,6,28,22,26,0,29,30,26,20,12,30,24,26,2,0,0,6,4,4,14,193,10,28,22,30,28,2,0,26,CS
0,16,0,0,30,30,30,26,30,0,0,30,28,6,28,6,6,0,28,30,28,30,30,16,14,30,6,0,16,0,30,26,12,16,28,28,14,30,0,8,30,10,CS
0,18,0,0,30,30,30,26,30,0,0,28,20,6,28,14,6,0,8,30,28,26,18,16,6,28,2,0,16,0,30,10,28,2,28,4,12,30,10,12,16,30,CS
0,18,0,0,30,14,30,26,24,0,0,0,0,6,24,30,6,2,0,24,28,30,16,0,0,30,2,0,0,16,12,2,24,14,30,12,0,28,18,14,16,30,D
0,26,20,0,30,30,6,16,14,6,6,12,12,6,0,30,14,6,28,16,0,0,18,16,16,30,24,24,24,28,14,22,16,30,30,30,24,30,30,30,0,30,D
0,26,20,0,30,22,0,20,10,0,0,8,28,14,22,2,0,6,24,24,0,4,16,0,28,14,0,0,8,30,28,30,0,30,0,26,28,8,30,28,28,30,D
0,2,0,6,30,28,0,16,30,14,6,14,14,0,30,0,0,0,24,30,12,4,30,0,30,2,26,2,0,30,0,8,28,30,28,2,8,0,2,24,28,24,D
0,2,4,2,30,14,14,16,0,2,2,14,12,14,30,6,14,0,24,28,30,30,24,0,26,30,14,0,0,18,12,0,8,16,30,30,0,0,0,24,30,10,D
0,2,4,2,30,30,14,16,0,0,2,14,12,14,30,6,6,0,8,28,30,30,24,0,26,30,4,0,0,18,8,0,8,16,30,30,0,0,16,24,30,10,D
0,2,4,2,30,30,14,16,0,0,2,30,14,14,30,6,6,2,8,28,30,30,24,0,14,30,4,0,2,18,8,2,8,28,30,30,0,0,24,16,14,26,D
0,2,4,2,30,14,14,16,0,0,0,30,14,6,30,6,14,2,8,28,22,30,24,0,8,30,12,0,2,18,0,2,30,20,30,24,0,16,24,24,30,26,D
0,2,4,2,30,30,14,16,0,16,0,30,14,6,30,6,14,6,12,28,6,30,24,0,8,22,12,0,2,26,0,2,30,18,30,24,0,0,28,24,28,24,D
0,0,4,2,30,14,14,18,0,0,0,14,14,6,30,6,14,6,14,30,6,26,24,0,8,6,12,0,2,30,4,2,30,18,30,26,0,0,28,24,8,8,D
0,0,4,2,30,14,14,18,0,0,0,14,14,6,30,6,14,14,30,30,6,26,24,0,4,2,12,0,2,30,6,2,30,16,30,24,0,0,28,28,24,0,D
0,0,4,2,30,14,14,16,0,0,0,14,12,6,30,14,14,14,30,30,6,30,24,0,6,0,12,0,2,30,30,2,30,16,22,24,0,8,28,24,26,14,D
0,0,4,2,30,14,14,16,0,0,2,14,12,22,30,14,14,14,30,30,6,30,24,0,14,16,12,0,2,30,14,10,28,16,2,24,0,8,28,8,18,2,D
0,16,16,0,30,30,22,20,12,14,6,12,12,6,0,30,14,6,16,0,0,0,18,16,28,14,8,0,28,24,28,16,24,6,30,30,8,30,30,30,18,12,D
0,0,4,2,30,14,14,16,0,0,2,14,14,6,30,14,14,14,30,30,6,30,16,0,14,18,12,0,2,30,14,10,28,16,2,26,0,0,28,0,0,2,D
0,0,4,2,30,30,14,28,0,24,4,12,12,6,0,0,2,18,24,30,30,30,16,16,26,30,4,16,0,0,22,0,8,24,22,0,16,0,2,0,22,26,D
0,0,0,2,30,14,30,16,0,18,0,30,16,4,0,6,6,8,28,28,28,26,24,16,2,22,30,16,0,2,30,0,2,24,2,16,16,0,16,16,22,16,D
0,0,0,0,14,30,30,16,30,2,2,255,233,28,239,134,2,0,249,57,0,26,158,16,2,20,28,16,0,2,30,0,6,253,14,30,16,16,0,16,30,193,D
0,0,0,0,14,30,30,16,4,30,6,249,249,28,255,0,2,6,243,241,72,0,209,144,14,6,28,16,0,2,30,0,18,255,14,30,16,16,0,0,12,193,D
0,0,0,0,14,30,30,16,30,30,6,253,249,30,223,0,2,20,255,193,152,6,144,16,26,22,28,16,0,2,6,0,30,241,30,20,1,16,0,129,0,225,D
0,0,0,0,30,30,30,16,30,30,6,28,1,30,24,6,18,24,253,30,30,0,28,20,30,28,28,0,0,2,30,0,14,249,6,22,0,2,0,0,2,193,D
0,0,16,0,30,30,28,16,30,26,4,28,28,30,28,0,0,12,24,28,24,14,24,16,26,30,26,20,26,4,0,30,2,8,0,2,0,0,6,28,2,28,D
0,0,20,0,30,30,30,16,30,0,0,20,12,14,12,30,26,0,12,24,24,0,16,16,6,22,28,16,0,6,22,12,14,8,2,0,20,22,0,0,14,30,D
0,0,20,0,30,30,30,16,30,22,0,24,30,8,14,6,10,0,30,28,12,24,16,16,16,0,14,0,0,2,2,4,30,0,30,4,30,18,0,0,8,0,D
0,16,16,0,30,14,22,16,12,6,6,28,28,6,20,0,12,30,24,16,0,0,18,0,30,14,26,0,16,16,28,24,24,6,30,30,8,30,30,28,2,8,D
0,10,20,0,30,0,30,16,30,20,0,28,20,30,6,0,26,0,14,12,14,20,16,0,16,16,30,0,2,2,6,14,30,14,20,2,30,2,2,0,2,0,D
0,0,0,2,30,30,30,16,14,0,4,24,24,0,0,30,0,4,12,24,0,4,16,0,16,6,6,0,16,0,0,16,0,16,0,12,16,30,30,30,28,30,D
0,0,0,2,30,14,30,16,14,0,0,28,24,2,4,26,0,8,8,24,0,0,16,0,24,2,2,0,16,0,0,16,0,16,0,28,16,30,30,30,26,30,D
0,0,0,2,30,14,30,16,14,0,0,28,0,2,4,24,0,8,12,16,0,0,16,0,24,2,6,0,0,0,0,20,0,16,8,28,16,28,28,30,28,14,D
0,0,0,2,30,14,30,16,14,0,0,16,4,2,6,26,0,8,12,16,0,0,16,0,16,2,2,0,0,0,0,20,0,16,8,30,16,28,30,14,28,14,D
0,0,0,2,30,14,30,16,14,0,0,16,4,2,6,26,0,8,12,16,0,0,16,0,16,2,2,0,0,0,0,20,0,16,8,30,16,28,30,14,28,14,D
0,0,0,2,30,14,30,16,14,0,0,20,4,2,14,26,0,14,12,16,0,0,16,0,18,0,2,0,0,16,8,20,0,0,8,30,0,30,30,14,28,14,D
0,0,0,2,30,14,14,16,14,0,0,20,4,2,14,18,0,14,30,24,0,0,16,0,18,0,2,0,0,16,0,20,0,0,8,30,0,30,30,14,12,4,D
0,0,0,2,30,30,14,16,14,0,0,0,0,0,14,26,0,30,255,28,0,0,16,0,18,0,2,0,0,0,0,20,0,224,8,30,225,29,28,239,12,225,D
0,10,20,2,0,30,20,30,30,0,0,30,2,16,30,30,0,0,16,16,24,18,24,28,2,24,6,0,2,18,24,0,20,30,0,30,30,30,6,30,2,22,D
0,16,16,0,30,14,22,16,12,14,6,28,28,2,22,0,4,30,249,16,0,12,16,0,28,4,30,0,16,24,28,18,24,226,30,30,29,28,22,153,30,253,D
0,2,28,0,0,14,12,30,14,2,2,22,6,16,12,30,6,24,28,16,24,26,26,24,2,24,6,28,0,18,30,0,0,30,14,30,30,6,2,30,0,2,D
0,2,0,2,30,24,0,16,22,16,0,14,14,14,0,18,16,14,20,4,30,0,0,0,20,14,18,0,16,0,0,0,2,18,10,30,0,24,28,0,14,14,D
0,2,0,2,30,24,0,16,22,16,0,14,14,14,0,18,0,14,16,12,30,0,0,0,20,28,18,0,16,0,16,0,0,18,10,30,0,24,20,16,14,14,D
0,2,0,2,30,24,0,16,22,16,0,14,14,14,0,18,0,14,16,4,26,0,0,16,20,14,18,0,16,0,0,0,0,18,26,12,0,24,16,0,30,14,D
0,2,0,2,30,24,0,16,22,16,0,14,14,14,0,18,0,14,16,4,26,0,0,16,20,14,18,0,16,0,0,0,0,18,26,12,0,24,16,0,30,14,D
0,2,0,2,30,24,0,16,22,24,0,14,14,14,6,18,16,30,16,20,0,0,0,16,20,30,18,0,16,0,0,0,0,2,24,28,0,24,0,16,20,2,D
0,2,0,2,30,24,0,16,22,16,0,14,30,14,6,18,16,14,16,0,8,0,0,16,16,30,30,0,0,0,0,0,0,18,24,28,0,28,0,0,22,2,D
0,0,0,2,30,24,0,16,22,16,0,14,30,12,6,18,16,14,16,0,14,0,0,16,16,30,30,16,0,0,0,0,0,18,28,28,0,20,0,0,18,6,D
0,0,0,2,30,8,0,16,22,0,0,4,12,14,6,18,16,14,16,4,2,0,0,0,16,30,30,0,0,0,0,0,8,18,28,20,0,16,0,0,16,2,D
0,0,0,2,30,0,0,16,30,18,0,12,14,12,6,18,16,14,24,4,2,0,0,0,0,30,28,0,0,2,4,0,0,18,30,6,0,16,0,0,16,2,D
0,16,16,0,30,14,30,20,0,4,2,28,28,6,20,0,4,30,249,24,4,30,16,0,28,28,0,0,0,28,24,16,16,227,30,30,159,28,30,153,22,253,D
0,0,0,2,30,0,0,16,30,22,0,12,14,8,6,22,16,14,24,4,2,0,0,0,0,30,28,0,0,0,0,0,0,2,30,22,0,16,0,0,16,0,D
0,8,4,2,30,0,24,24,2,18,0,30,6,30,6,16,16,14,20,0,0,28,0,2,24,24,6,14,30,14,30,26,28,12,14,30,0,30,0,14,6,8,D
0,8,4,2,30,0,28,24,2,18,0,30,6,30,6,26,24,14,16,0,0,28,0,0,28,8,14,14,14,30,28,10,30,6,30,30,2,30,16,14,6,24,D
0,0,0,16,0,0,24,10,2,18,0,6,6,30,6,14,30,14,16,0,0,16,0,0,28,30,30,14,14,14,28,14,30,14,28,0,2,30,22,14,2,12,D
0,8,4,2,30,0,24,26,0,18,0,6,6,30,6,30,28,14,16,16,0,16,0,0,28,30,20,4,14,14,28,14,30,2,30,16,2,28,30,14,28,12,D
0,10,4,2,30,0,16,30,0,18,0,30,0,30,4,30,28,14,24,16,0,16,0,0,30,30,16,6,14,14,20,30,30,0,30,0,2,16,0,14,28,14,D
0,10,4,2,30,0,16,24,0,30,4,30,0,24,4,26,28,14,28,16,0,24,0,0,14,30,16,2,14,14,20,26,28,2,28,4,0,16,0,14,30,0,D
0,10,4,2,30,24,16,30,0,6,2,6,14,0,6,30,16,14,16,0,0,30,16,0,28,30,0,2,10,14,0,30,28,6,30,30,6,2,0,14,30,0,D
0,10,4,2,30,24,20,30,0,6,2,6,14,0,6,30,26,14,16,16,0,30,0,0,28,30,8,2,26,12,0,30,30,6,30,14,6,2,0,6,30,0,D
0,10,4,2,30,24,4,30,0,6,6,6,12,0,14,6,30,14,16,24,4,28,16,0,28,30,0,0,0,14,0,14,30,14,14,30,6,2,8,2,14,16,D
0,16,16,0,30,30,14,20,0,6,2,28,28,2,22,0,0,30,249,8,4,30,16,0,28,28,26,0,0,24,24,16,16,231,30,30,29,28,28,129,14,255,D
0,10,4,2,30,28,4,30,16,14,6,4,0,0,14,30,18,14,24,16,0,28,0,0,30,20,16,0,0,14,16,0,16,12,30,30,2,16,0,0,30,0,D
0,2,0,28,0,24,26,14,0,18,0,2,14,6,14,2,22,6,0,0,0,30,16,0,30,8,16,0,0,30,8,0,8,30,28,2,2,0,12,30,30,0,D
0,0,0,28,0,24,30,14,0,2,2,2,14,6,6,6,30,6,16,0,0,30,0,0,10,8,16,0,2,2,14,0,28,28,24,28,2,28,28,0,30,0,D
0,0,4,2,30,24,30,20,16,6,2,2,4,14,14,14,14,14,24,16,0,30,16,0,10,30,18,0,0,18,12,2,4,12,0,24,6,28,30,0,30,0,D
0,0,0,2,30,24,30,20,16,6,2,2,12,6,6,14,30,14,16,0,0,14,0,0,30,30,0,0,2,0,28,2,0,28,16,0,14,30,30,0,26,0,D
0,0,0,2,30,30,28,24,2,0,2,30,14,6,2,30,30,6,16,14,14,28,6,22,30,30,6,0,0,30,28,4,30,0,24,28,16,28,24,30,28,2,D
0,0,0,2,30,10,28,16,2,0,2,30,30,6,14,30,30,6,0,14,30,28,24,16,28,14,2,0,0,8,0,16,24,0,24,28,24,28,28,30,22,30,D
0,0,0,2,30,2,28,16,0,0,2,30,30,6,30,30,14,6,16,24,28,28,24,16,28,8,18,0,0,8,28,0,24,12,24,28,24,28,24,28,6,14,D
0,0,0,2,30,30,28,16,2,0,0,14,30,2,14,30,30,14,16,12,6,12,16,0,30,6,6,0,8,28,0,30,28,0,28,28,16,28,28,30,16,24,D
0,0,0,2,30,30,28,16,2,24,4,30,30,6,14,30,30,30,16,30,6,30,0,0,30,2,4,0,0,28,12,28,28,0,28,28,16,28,30,30,0,24,D
0,24,20,0,30,30,6,20,0,6,6,8,28,6,18,0,0,26,249,0,4,30,16,0,4,28,18,0,18,16,28,4,26,231,30,30,157,28,28,217,30,255,D
0,0,4,2,30,2,28,16,6,30,6,30,30,30,14,30,30,14,16,6,6,30,0,2,6,0,4,0,0,24,14,28,30,16,28,6,16,8,12,16,28,24,D
16,0,0,4,30,8,22,30,2,28,0,0,30,16,4,0,6,30,14,26,0,6,30,28,18,6,0,0,12,30,18,16,16,18,20,16,30,2,16,24,30,18,D
16,0,0,0,30,12,14,30,2,24,0,0,30,0,0,2,14,14,30,26,0,2,30,28,6,2,8,20,0,30,2,16,24,0,28,0,14,22,0,8,30,0,D
16,0,0,0,30,30,14,30,14,28,0,126,62,0,24,14,6,30,8,6,18,30,4,6,30,6,22,2,30,4,20,16,0,28,0,26,14,14,30,6,2,0,D
16,0,0,0,30,30,14,30,30,24,0,254,94,0,16,2,6,30,30,6,22,30,4,6,30,6,6,0,30,20,16,30,0,12,0,26,14,14,30,12,22,2,D
16,0,0,0,26,14,14,30,14,24,4,94,28,0,16,0,6,14,30,6,22,14,4,14,30,6,22,0,10,22,0,18,0,12,0,26,0,0,30,12,30,14,D
16,0,0,0,30,6,12,30,14,28,6,28,4,0,0,6,6,14,30,6,30,12,4,14,30,6,18,0,0,22,16,22,2,0,0,2,0,0,22,8,30,0,D
16,0,0,0,30,4,4,30,14,30,6,28,0,30,2,14,6,30,30,14,30,12,4,6,30,16,2,2,0,22,24,0,2,16,0,2,0,0,0,0,30,0,D
16,0,0,0,30,8,4,24,0,12,6,8,30,30,4,6,14,14,30,30,12,30,26,12,6,30,30,16,0,2,2,0,0,24,0,0,18,0,0,16,16,0,D
16,0,0,0,30,30,4,24,0,12,6,8,28,30,12,14,14,14,30,30,4,30,26,4,6,30,30,0,0,2,2,0,0,12,0,0,16,16,0,0,16,0,D
0,16,16,0,30,30,0,20,14,6,6,24,28,14,22,0,0,30,253,16,0,30,16,0,16,20,24,0,30,26,30,0,30,231,28,30,25,30,28,153,30,255,D
16,0,0,0,30,30,0,24,0,12,6,30,24,30,4,14,6,30,24,30,0,30,30,28,6,22,14,0,0,2,2,0,0,30,0,0,16,24,4,16,24,8,D
0,2,0,0,26,14,6,0,30,6,6,30,30,14,22,0,0,0,26,2,2,2,0,2,0,4,0,22,26,0,26,24,8,14,28,4,6,24,0,14,30,6,D
0,0,0,0,26,12,6,0,14,6,6,30,30,14,22,0,0,0,24,2,2,2,0,2,0,12,0,22,24,16,26,30,24,14,30,20,6,30,0,14,30,6,D
0,0,0,0,18,8,6,0,14,6,6,30,30,14,22,0,0,0,16,2,2,2,0,2,0,12,0,26,28,16,30,24,12,30,26,20,6,30,2,14,30,6,D
0,2,0,2,30,0,4,16,6,14,6,14,30,4,16,0,0,14,16,0,0,0,2,0,18,12,0,0,24,24,24,24,24,0,24,24,0,28,30,30,14,14,D
0,0,0,2,30,0,4,16,6,14,6,12,30,6,18,0,0,30,16,0,18,0,2,2,20,12,0,0,18,24,26,16,16,0,24,28,8,30,30,30,14,14,D
0,2,0,2,26,0,0,22,6,14,6,30,30,30,18,0,0,30,0,0,26,2,2,18,0,30,16,4,18,16,26,18,16,6,10,30,2,30,30,14,6,14,D
0,2,0,2,26,0,24,26,6,14,6,30,20,14,18,0,0,30,0,0,26,14,2,16,0,30,16,20,16,24,24,18,16,30,14,30,30,8,30,14,6,12,D
4,10,4,2,26,16,24,16,6,14,6,30,20,14,18,2,0,30,16,0,16,14,2,16,4,30,16,16,0,24,28,18,16,14,30,30,22,8,28,6,6,12,D
0,2,4,2,30,18,24,16,4,14,6,30,20,14,0,18,0,30,16,0,16,30,0,24,12,30,16,16,0,24,8,0,16,14,30,30,30,8,28,6,22,8,D
0,24,20,0,30,6,0,16,14,0,2,30,28,12,4,0,0,30,24,24,0,6,16,0,16,14,20,0,12,30,30,28,0,14,8,30,24,30,30,24,30,24,D
0,2,4,2,30,30,16,16,0,14,6,28,16,14,2,10,28,22,16,0,2,30,0,0,8,30,0,16,0,24,0,0,24,14,30,30,30,30,30,30,30,12,D
0,0,0,0,30,0,4,16,2,0,6,30,0,14,14,14,14,18,0,0,10,0,12,22,22,0,0,0,10,28,30,24,28,16,16,0,0,24,4,14,2,30,D
0,0,0,16,0,20,6,0,2,0,6,18,30,4,10,6,18,20,24,2,30,0,22,18,30,16,0,0,0,28,30,28,30,0,26,4,26,30,2,30,2,30,D
0,0,0,16,0,30,6,2,22,0,6,30,30,8,6,0,30,0,2,0,0,12,6,10,30,10,4,30,0,18,2,14,30,28,30,16,0,26,4,0,6,0,D
0,0,0,16,0,30,30,0,22,0,0,4,12,30,6,30,4,6,20,20,0,30,4,6,14,26,0,10,30,0,6,18,0,8,4,18,20,0,14,0,30,16,D
0,2,0,16,0,30,28,0,14,0,2,12,30,10,6,30,0,30,4,20,0,6,12,6,2,30,28,0,26,4,6,30,0,12,0,6,16,4,6,4,30,4,D
0,2,0,28,0,30,28,2,14,2,2,12,30,30,22,30,0,30,30,2,6,6,12,6,2,6,0,0,26,0,14,30,0,14,4,6,16,4,6,0,30,30,D
0,0,0,0,30,30,30,30,12,30,0,8,30,28,6,24,28,22,30,18,0,6,30,6,2,2,26,0,2,24,2,24,28,30,28,6,16,0,2,0,14,30,D
0,2,0,28,0,14,30,14,16,22,2,12,30,28,30,30,0,30,28,4,22,6,0,6,2,6,0,0,26,0,2,28,20,30,6,6,24,2,0,30,14,16,D
0,2,0,6,30,16,0,16,30,30,6,8,30,20,14,18,16,2,30,30,28,4,30,0,26,2,16,2,2,26,0,0,28,30,28,2,0,0,2,28,14,18,DD
0,26,20,0,30,0,30,22,14,30,6,30,30,6,14,2,0,26,26,16,0,14,16,0,28,30,0,0,0,30,0,24,28,30,16,0,20,0,24,0,0,10,DD
0,16,0,0,30,20,28,16,26,30,6,24,30,30,30,0,0,24,249,157,14,0,137,4,6,30,10,0,0,4,30,23,0,233,31,30,209,0,30,225,24,239,DD
0,0,0,0,30,24,30,18,30,0,0,30,0,0,24,22,24,16,16,30,30,6,6,30,6,6,0,30,4,2,4,0,2,14,0,2,0,0,18,0,0,18,DD
0,10,4,2,30,30,30,16,30,6,6,30,28,30,14,2,2,30,2,12,6,30,16,0,30,30,0,0,2,2,22,6,6,0,14,14,24,0,12,20,0,30,DD
0,10,4,2,30,28,30,16,30,14,6,30,16,30,14,6,2,30,26,0,0,30,16,0,30,30,0,0,2,18,18,14,30,0,6,14,16,0,26,30,0,30,DD
0,10,4,2,30,12,30,16,30,14,6,30,4,30,6,6,2,30,26,16,0,30,16,0,30,30,16,0,2,30,18,14,30,0,6,10,24,0,26,30,0,28,DD
0,10,4,2,30,4,30,16,30,14,6,6,4,30,14,6,2,30,26,0,0,30,0,4,30,30,16,0,2,30,16,14,14,0,0,0,24,0,30,30,0,28,DD
0,10,4,2,30,4,30,16,30,14,6,6,4,30,14,6,14,14,24,0,0,30,0,6,14,30,16,0,2,30,16,30,14,0,0,16,16,12,6,30,0,28,DD
0,10,4,2,30,4,30,16,30,14,6,6,6,14,14,14,30,14,24,0,0,30,8,6,14,28,16,0,0,30,28,14,30,12,0,16,0,28,22,30,0,28,DD
0,10,4,2,30,4,30,16,30,30,6,2,6,14,6,14,30,14,24,0,0,30,0,22,14,12,16,0,0,30,28,14,14,12,0,16,0,30,18,30,0,28,DD
0,10,4,2,30,4,30,16,30,30,6,2,6,14,6,14,30,14,24,0,0,30,0,22,14,12,16,0,0,30,28,14,14,12,0,16,0,30,18,30,0,28,DD
0,2,4,2,30,4,30,16,30,30,6,2,14,14,0,6,22,6,24,0,0,30,0,22,14,12,16,0,2,30,28,4,14,12,2,16,0,30,18,30,8,12,DD
0,26,20,0,30,0,30,22,14,30,6,30,30,6,0,2,26,26,24,28,6,30,16,0,28,26,0,0,0,28,0,24,28,14,28,26,30,0,20,16,8,10,DD
0,8,4,2,30,4,30,16,30,30,0,2,14,14,0,2,6,6,24,0,0,30,0,22,16,4,16,0,0,30,30,30,2,14,2,28,0,22,18,30,10,28,DD
0,10,20,0,30,0,30,16,30,30,4,30,0,30,6,6,26,24,24,16,8,0,12,22,24,16,20,0,0,0,2,0,8,2,16,0,4,16,0,0,0,0,DD
0,10,20,0,30,0,30,24,30,30,4,30,0,30,6,6,26,24,24,0,8,0,28,22,24,18,16,0,0,0,0,0,8,0,16,0,30,0,0,0,0,0,DD
0,10,20,0,30,0,28,24,30,30,4,30,0,6,22,6,26,24,8,8,14,0,16,16,24,18,18,0,0,0,0,0,8,0,16,0,30,0,0,0,0,0,DD
0,2,20,0,30,8,30,16,30,30,4,22,0,6,30,6,30,16,24,14,30,0,24,16,22,0,6,0,0,0,2,2,18,24,18,0,16,16,0,16,0,0,DD
0,0,16,0,30,12,30,16,14,30,4,16,0,6,0,6,22,0,28,30,30,0,24,16,30,2,6,16,0,0,2,6,2,8,18,0,16,16,0,16,0,0,DD
4,14,22,2,4,30,0,18,30,0,2,0,16,30,16,16,16,30,0,12,30,16,16,8,4,0,24,22,24,4,2,28,0,24,0,18,18,0,2,4,30,24,DD
0,0,0,2,30,30,30,16,6,0,4,8,24,0,4,30,0,10,12,24,0,2,16,16,0,2,2,0,16,0,0,0,0,20,0,28,24,30,28,30,30,30,DD
0,0,0,2,30,30,30,16,30,0,2,0,30,10,28,24,16,24,255,30,4,26,18,0,0,0,28,0,0,24,24,30,18,241,2,24,16,26,28,129,0,225,DD
0,0,0,2,30,30,30,16,30,6,6,16,30,14,30,16,24,16,28,30,12,26,18,16,0,0,28,0,0,24,24,12,22,24,0,8,28,8,28,16,16,0,DD
0,26,0,2,30,26,26,16,30,28,0,0,28,0,16,0,6,30,0,0,2,30,12,14,2,2,30,0,8,12,2,26,16,10,16,0,2,30,14,30,0,16,DD
0,0,0,2,30,30,30,16,14,14,6,16,30,14,28,0,24,30,28,28,4,26,16,0,0,0,24,0,0,24,24,12,22,24,0,8,20,8,30,0,24,20,DD
0,0,0,2,30,30,30,16,14,14,6,16,30,2,0,0,26,2,28,24,4,26,24,0,0,16,26,0,0,24,24,12,22,24,0,24,20,12,30,0,16,22,DD
0,0,0,2,30,30,30,18,14,14,6,0,14,2,0,0,30,0,28,28,4,24,16,0,0,16,26,0,0,24,26,28,22,28,0,24,20,8,30,0,24,16,DD
0,0,0,2,30,30,30,18,14,14,6,26,30,16,0,0,26,0,4,16,0,16,28,0,0,16,2,0,0,16,24,2,16,28,2,24,2,12,30,16,0,0,DD
0,0,0,2,30,30,30,18,30,2,6,26,30,18,0,0,26,10,4,16,0,16,16,0,2,24,0,0,0,16,26,26,16,28,2,8,2,8,30,0,0,0,DD
0,0,0,2,30,14,30,18,30,0,0,26,30,28,2,0,26,14,4,0,0,26,16,0,0,24,0,16,0,16,30,30,22,28,0,14,0,12,30,0,0,0,DD
0,0,0,2,30,14,30,18,30,16,0,24,30,30,2,0,2,20,4,0,0,26,0,0,0,16,2,0,0,24,28,24,28,28,16,8,2,30,30,0,20,0,DD
0,0,0,2,30,0,0,16,30,22,0,12,14,8,6,22,16,14,24,4,2,0,0,0,0,30,28,0,0,0,0,0,0,2,30,22,0,16,0,0,16,0,DD
0,0,0,2,30,0,0,16,30,22,0,28,14,0,6,22,16,14,24,6,2,0,0,2,2,30,28,0,0,0,10,0,0,2,30,6,0,0,0,0,0,0,DD
0,0,0,2,30,0,0,16,127,135,3,12,14,231,6,22,16,239,24,6,6,0,0,0,2,30,249,0,0,0,26,16,0,2,28,2,0,0,8,16,0,0,DD
0,26,0,2,30,26,30,16,30,24,4,0,28,30,16,0,0,28,24,0,2,30,12,30,30,6,30,20,26,12,2,18,16,30,0,24,0,28,30,30,12,16,DD
0,0,0,2,30,2,0,16,127,231,195,14,14,231,2,30,16,239,249,14,6,0,0,0,6,30,249,0,0,0,26,0,0,243,22,2,129,0,30,209,0,225,DD
0,0,0,2,30,2,0,16,249,231,195,12,15,231,6,22,16,231,249,14,6,0,0,0,4,30,248,0,0,0,26,0,2,243,6,10,137,0,30,209,0,225,DD
0,16,0,0,30,2,0,16,249,227,195,14,15,231,6,22,0,239,253,30,6,0,2,0,2,28,221,0,0,0,30,0,26,243,22,10,153,14,30,209,8,225,DD
0,16,0,0,30,4,14,24,227,231,199,15,145,255,0,6,22,64,253,0,6,0,16,0,18,10,126,0,0,0,4,0,0,245,2,6,219,14,6,241,28,241,DD
0,16,0,0,30,0,14,24,255,231,199,143,209,255,10,6,22,96,249,4,22,2,0,0,2,10,30,0,0,0,4,0,0,253,6,2,219,4,14,241,26,247,DD
0,16,0,0,30,0,14,24,255,231,199,15,145,255,10,6,2,96,249,0,22,2,0,0,0,30,30,0,0,0,4,0,0,249,6,2,209,4,14,251,26,245,DD
0,16,0,0,30,0,14,24,227,255,199,143,209,238,10,6,18,96,249,0,30,6,0,18,0,30,30,0,2,0,12,0,0,241,6,2,209,0,14,251,26,241,DD
0,0,0,2,30,30,2,16,30,0,0,30,26,30,6,30,28,2,28,16,0,0,16,0,0,30,30,0,2,18,28,2,30,16,30,30,0,16,16,0,14,4,DD
0,0,0,2,30,14,6,16,30,22,0,30,18,30,6,30,28,30,24,0,2,0,0,0,16,0,30,0,2,28,8,26,16,24,28,30,10,30,20,22,0,26,DD
0,0,0,2,30,14,30,16,2,18,0,22,2,30,6,30,24,30,24,0,0,16,0,0,16,0,30,0,0,26,16,2,30,28,30,28,0,30,28,24,0,30,DD
0,16,0,0,30,30,30,16,30,24,0,8,28,30,16,0,0,28,24,16,0,28,12,30,30,6,30,28,0,0,18,0,16,30,12,30,16,28,26,14,20,16,DD
0,0,4,2,30,30,30,16,0,0,2,22,2,28,26,16,16,24,24,2,30,4,2,30,28,14,0,18,0,18,0,0,22,16,6,30,2,0,30,14,22,0,DD
0,0,4,2,30,30,30,16,0,0,0,0,14,30,0,0,24,28,28,6,22,6,6,2,24,6,18,6,6,18,0,2,2,22,26,28,2,30,30,0,30,0,DD
0,0,4,2,30,4,30,20,0,16,0,0,0,30,0,0,28,12,28,2,2,14,6,6,12,14,0,2,0,14,0,30,26,0,30,0,14,30,14,2,30,22,DD
0,10,4,2,30,14,30,16,6,16,0,2,0,30,2,10,6,30,20,0,2,18,2,2,0,12,16,6,2,2,26,0,12,0,22,2,30,0,6,30,30,2,DD
0,10,4,2,30,24,30,16,2,16,0,30,2,30,2,30,22,16,24,2,2,26,0,2,0,28,18,2,6,18,20,0,14,16,30,6,14,18,0,14,12,0,DD
0,10,4,2,30,10,30,18,0,24,0,30,14,26,14,2,4,20,22,12,14,16,16,0,0,24,30,2,2,6,28,2,0,16,10,30,6,30,12,14,2,0,DD
0,0,4,2,30,14,30,18,10,30,6,30,0,28,14,10,12,24,24,30,2,24,0,0,26,24,30,14,14,6,30,0,0,0,12,30,26,30,30,30,0,0,DD
0,0,0,16,0,14,30,0,10,30,6,14,0,22,6,28,4,0,28,14,6,8,0,0,16,12,30,0,6,22,30,6,10,0,30,14,28,22,8,24,16,2,DD
0,8,4,2,30,2,30,16,26,12,6,14,0,22,6,30,4,0,24,14,6,0,0,0,0,28,30,0,6,18,30,6,14,0,30,14,24,22,10,30,24,0,DD
0,0,0,16,0,8,30,14,30,28,0,0,30,0,6,28,16,30,28,6,6,2,0,2,0,30,4,2,14,30,28,30,14,0,20,0,0,14,30,12,14,14,DD
0,16,0,0,30,30,30,16,30,24,4,12,28,14,16,0,0,24,249,145,0,30,129,159,30,0,26,95,132,2,0,0,158,253,85,128,239,141,31,233,30,253,DD
0,0,0,28,0,0,28,14,30,26,4,24,22,16,6,26,8,30,24,22,2,2,2,2,0,30,4,2,14,30,28,30,10,0,30,0,0,30,30,24,14,14,DD
0,2,0,24,0,24,28,14,30,26,4,22,4,24,6,24,8,26,24,0,0,2,2,2,8,30,30,2,10,30,8,30,26,30,30,0,24,22,2,24,30,28,DD
0,8,4,2,30,16,28,30,30,30,6,4,4,16,6,26,8,18,24,0,0,0,0,2,8,30,6,0,2,8,0,6,30,30,22,16,0,6,30,16,14,24,DD
0,10,4,2,30,16,28,30,30,30,6,14,0,24,6,26,8,18,24,0,0,0,0,2,0,30,20,0,2,14,0,14,30,28,22,18,2,14,30,0,14,8,DD
0,10,4,14,30,8,26,30,10,30,6,14,22,28,14,6,26,26,24,0,0,0,6,2,16,0,4,0,2,2,28,2,30,12,6,2,22,4,30,6,30,0,DD
0,10,4,10,30,14,26,30,30,12,6,14,0,30,6,30,30,18,24,0,0,26,6,2,0,0,24,2,2,2,24,2,6,30,6,2,2,2,14,6,26,16,DD
0,2,8,28,0,14,26,14,14,28,0,6,0,30,6,30,30,16,16,0,0,30,6,2,0,0,8,2,2,6,30,6,6,0,6,2,18,0,6,6,30,0,DD
0,10,4,10,30,30,30,30,14,28,4,0,0,30,6,14,30,20,24,0,0,30,6,2,0,0,0,0,2,22,28,14,14,14,6,2,6,0,10,0,14,0,DD
0,10,4,2,30,30,14,30,14,28,0,0,28,30,6,30,30,22,24,0,0,30,6,2,0,0,0,0,2,14,24,14,30,30,6,2,6,0,0,6,14,2,DD
0,10,4,2,30,30,14,30,30,28,4,0,30,30,6,14,14,30,24,0,0,30,6,6,0,0,0,0,2,6,24,14,14,30,6,6,2,2,0,6,28,18,DD
0,16,0,0,30,0,28,16,30,30,4,249,255,24,245,128,0,28,253,249,193,114,241,225,0,162,2,225,209,129,46,193,161,251,223,141,241,255,143,255,30,243,DD
0,10,4,2,30,30,14,30,30,28,4,0,30,30,6,14,14,30,24,0,0,30,14,6,0,0,0,0,2,2,26,2,6,28,14,6,2,18,0,14,30,20,DD
0,0,0,0,22,30,14,24,30,30,6,30,30,0,30,6,30,0,24,24,20,0,28,4,18,0,30,0,0,2,22,0,2,0,0,2,16,2,2,0,28,0,DD
0,0,0,0,22,14,14,16,30,30,6,30,30,16,30,6,30,0,16,24,20,0,24,0,2,24,26,0,0,2,22,0,2,16,2,2,16,2,6,0,28,0,DD
0,0,0,0,6,14,14,18,26,30,6,30,30,16,30,2,22,16,16,0,4,0,16,0,2,24,24,0,0,2,22,0,2,18,2,2,16,0,6,0,24,18,DD
0,0,0,0,22,30,14,18,30,30,2,30,30,0,22,2,2,16,16,0,0,0,16,0,6,16,12,16,0,2,6,0,2,18,2,2,16,0,22,16,12,16,DD
0,0,0,0,2,14,14,18,30,30,2,30,30,24,30,2,2,16,0,0,0,0,16,0,6,24,12,16,0,2,2,2,2,22,0,10,0,0,18,16,0,4,DD
0,0,0,0,2,14,14,16,26,30,0,30,30,24,6,6,2,16,0,0,0,0,0,0,2,24,12,20,0,0,30,10,6,22,0,6,0,0,2,16,0,20,DD
0,0,0,0,30,14,30,16,16,14,6,30,6,8,16,30,4,18,28,14,30,2,18,8,6,6,6,16,0,26,6,2,26,6,30,0,0,26,20,0,0,16,DD
0,0,0,0,30,14,14,16,16,14,6,30,6,24,16,30,4,30,28,30,14,10,26,24,6,6,14,16,0,26,22,0,30,30,18,16,0,26,16,2,16,16,DD
0,0,0,0,30,14,14,16,16,14,6,30,2,24,16,30,4,30,28,30,30,10,8,28,6,6,14,0,0,26,2,0,30,30,18,16,0,16,16,0,16,16,DD
0,16,0,0,30,0,28,16,30,14,6,249,255,26,245,129,0,28,249,253,193,98,241,129,0,230,2,161,81,128,46,147,33,249,159,47,249,223,143,255,30,243,DD
0,0,0,0,30,30,14,16,16,6,6,14,30,24,0,30,4,22,28,4,30,14,10,30,6,2,12,0,0,26,2,0,30,30,18,0,16,0,16,0,18,26,DD
0,8,28,14,30,12,14,28,24,6,6,28,28,14,6,30,24,26,0,0,6,0,0,0,0,24,6,0,18,16,28,2,0,30,30,30,12,30,30,30,16,22,DD
0,8,28,2,22,0,14,30,16,6,6,28,28,14,6,30,28,26,28,0,2,0,0,0,0,28,10,0,2,18,24,2,0,30,30,30,14,30,26,30,26,22,DD
0,8,12,6,18,0,14,28,24,6,6,30,0,14,6,30,30,30,28,0,0,2,0,0,0,28,30,0,2,20,28,18,0,6,14,30,10,30,30,30,16,30,DD
0,0,16,0,18,0,14,24,28,22,2,30,14,30,6,30,24,22,24,0,6,0,0,0,0,12,30,0,0,26,28,2,30,208,24,28,2,30,30,14,0,159,DD
0,0,0,0,18,0,14,28,28,2,2,30,30,30,6,26,24,22,16,0,6,0,0,0,0,0,14,0,0,26,28,0,20,193,8,28,2,30,30,10,0,159,DD
0,0,16,0,2,0,14,16,28,2,2,30,30,26,6,26,24,22,16,0,6,14,0,0,0,0,14,0,0,30,28,0,16,217,8,28,2,30,30,10,0,143,DD
0,0,16,0,26,6,12,0,28,2,0,30,30,24,6,26,28,6,16,4,2,6,0,0,0,0,30,0,0,30,12,0,18,153,8,28,2,30,28,10,0,12,DD
0,0,0,0,26,4,8,16,28,2,0,6,2,30,0,26,28,0,16,22,0,2,0,0,0,8,30,0,0,26,28,0,26,157,24,28,2,28,28,10,0,12,DD
0,0,0,0,30,4,14,16,30,2,0,10,26,28,0,26,28,0,24,16,0,2,0,2,0,30,30,16,0,6,28,0,8,157,24,28,2,28,28,8,0,8,DD
0,16,0,0,30,4,28,16,30,14,6,153,223,18,151,0,0,28,249,221,129,2,209,128,6,30,0,129,0,0,14,19,0,253,31,14,249,158,31,241,28,255,DD
0,0,0,0,30,0,30,16,30,2,2,2,8,28,0,26,28,0,16,16,0,16,0,2,0,30,30,0,0,30,28,0,8,159,24,28,2,28,28,8,0,8,DD
0,2,0,2,30,0,30,18,14,22,2,30,30,2,30,14,6,0,8,30,30,18,8,30,2,24,6,28,6,6,26,0,0,24,0,0,0,8,6,0,30,24,DD
0,0,0,2,30,0,30,18,30,22,2,30,30,18,30,14,6,24,24,30,30,18,12,30,2,24,6,28,6,6,30,0,0,24,0,0,0,4,14,0,30,0,DD
0,0,0,2,30,0,30,18,30,2,2,30,22,18,30,30,0,24,12,30,30,18,28,30,6,24,6,28,6,6,22,0,0,24,0,0,0,4,14,0,30,0,DD
0,0,0,2,30,0,30,18,30,2,2,30,22,2,24,30,0,28,28,30,30,18,28,30,6,26,6,28,6,2,2,0,0,24,0,0,0,4,14,0,30,0,DD
0,0,0,2,30,0,30,16,14,0,0,30,2,6,24,28,0,24,28,30,30,22,30,30,2,26,6,20,2,2,2,0,2,28,0,0,0,6,14,0,30,0,DD
0,0,0,2,30,24,30,16,14,0,0,30,2,6,24,20,0,24,28,30,30,22,30,30,2,26,6,28,6,2,6,0,2,30,0,0,0,0,14,14,30,2,DD
0,0,0,2,30,24,14,16,30,16,0,30,22,2,24,20,18,0,28,14,30,6,6,30,2,30,0,30,4,6,6,0,2,30,2,2,0,0,2,0,0,6,DD
0,0,0,2,30,24,30,18,30,16,0,30,0,0,24,20,16,0,24,30,30,6,6,30,6,30,0,30,4,6,2,0,2,30,2,2,0,0,2,0,0,6,DD
0,0,0,0,30,24,30,18,30,0,0,30,0,0,24,16,16,0,0,30,30,6,6,30,2,6,0,30,4,2,6,0,2,30,2,2,0,0,18,0,0,22,ESCS
0,0,0,0,14,30,30,16,0,0,2,227,255,30,0,0,0,30,249,30,28,14,30,24,2,2,28,30,16,0,0,2,0,248,0,18,16,0,0,16,2,0,ESCS
0,0,4,2,30,14,30,24,30,2,2,8,30,16,16,4,30,30,30,28,24,6,30,16,20,2,28,16,0,0,0,14,30,30,0,18,24,0,6,30,4,30,ESCS
0,16,0,0,14,30,30,16,0,0,0,28,28,8,12,14,14,28,28,24,28,2,24,16,2,26,30,20,18,0,2,16,0,24,0,2,0,0,0,16,30,0,ESCS
0,0,4,2,30,14,30,24,30,2,0,28,30,20,16,0,30,30,30,30,16,6,6,30,4,2,24,16,0,16,2,30,30,6,0,0,16,0,26,30,6,28,ESCS
0,0,4,2,30,30,14,16,30,0,2,30,30,0,28,4,14,14,10,24,16,0,30,16,4,2,24,22,0,28,2,30,30,4,0,2,28,0,0,16,28,30,ESCS
0,0,4,2,30,14,30,16,30,0,2,30,30,16,0,0,6,30,30,24,0,4,26,0,20,2,16,14,14,30,2,30,6,22,2,2,20,0,0,0,10,24,ESCS
0,0,4,2,30,14,30,16,30,0,0,28,28,16,0,2,0,30,30,24,0,4,16,16,30,2,30,30,14,30,2,16,0,30,2,2,24,0,2,16,14,24,ESCS
0,0,4,2,30,14,30,16,28,0,0,28,28,16,12,2,2,14,30,16,16,6,16,8,30,6,30,30,30,6,2,16,0,26,0,0,16,2,2,16,2,24,ESCS
0,0,4,2,30,30,30,16,24,0,0,28,28,16,24,2,2,30,30,28,30,30,16,0,6,2,30,30,30,6,2,16,0,18,0,2,16,0,0,16,30,28,ESCS
0,0,4,2,30,30,30,16,26,0,0,30,28,10,16,0,14,12,28,30,30,30,24,24,6,2,26,30,30,6,2,16,0,18,0,2,16,0,0,16,16,4,ESCS
0,0,4,2,30,28,30,18,30,28,4,28,28,2,30,6,2,0,20,24,0,6,30,16,14,6,26,28,12,14,6,28,14,20,0,2,28,0,0,16,2,16,ESCS
0,0,0,2,30,14,30,16,30,18,0,28,28,6,30,30,6,30,26,8,28,14,24,24,30,6,30,16,0,8,6,12,30,28,16,0,28,16,0,16,0,28,ESCS
0,0,0,0,2,30,30,16,2,0,6,235,255,30,16,0,0,30,253,30,30,14,30,24,2,2,28,30,30,0,0,2,0,248,0,2,16,0,2,0,0,8,ESCS
0,0,0,0,30,30,14,16,0,18,0,253,223,30,0,22,2,6,133,8,28,6,16,0,28,2,26,0,0,30,6,10,28,211,24,0,28,16,0,22,10,28,ESCS
0,0,16,0,0,30,24,16,14,14,6,255,225,2,4,6,6,24,253,152,0,2,16,16,2,30,0,16,16,0,2,0,0,249,0,2,0,0,2,0,0,209,ESCS
0,0,16,0,0,30,28,16,14,14,6,255,233,0,12,2,6,0,253,16,16,2,16,16,2,2,0,16,0,0,2,0,0,249,0,18,16,2,2,6,0,193,ESCS
0,0,16,0,0,30,4,16,0,30,2,255,251,0,12,2,6,0,253,24,16,2,16,16,2,2,0,16,0,0,2,0,0,249,0,16,16,0,2,18,0,193,ESCS
0,0,16,0,0,30,28,16,0,6,6,251,253,16,8,0,2,0,255,16,16,2,16,16,0,6,8,16,0,0,6,0,0,253,0,16,144,18,0,65,2,225,ESCS
0,0,16,0,0,14,2,16,30,14,6,31,155,0,20,4,6,20,255,28,0,2,16,16,2,0,28,16,16,0,2,0,0,251,0,0,0,0,0,145,2,225,ESCS
0,0,16,0,0,12,0,16,30,14,6,28,30,16,28,4,6,20,30,28,0,2,16,16,0,2,30,16,0,0,2,2,0,26,16,0,0,0,0,0,2,2,ESCS
0,0,16,0,0,14,30,16,14,14,6,28,28,0,28,0,2,16,28,28,16,18,16,16,0,2,18,0,0,2,2,4,2,24,0,0,16,0,0,28,2,0,ESCS
0,2,16,0,0,14,30,16,0,14,6,28,24,0,28,0,2,0,28,24,16,22,24,20,2,0,2,0,0,6,2,20,2,24,0,0,16,0,0,30,18,16,ESCS
0,2,16,0,0,30,30,16,16,14,6,28,24,2,16,0,2,0,24,24,16,2,28,28,2,0,2,16,0,20,18,16,0,20,0,2,16,0,0,30,0,6,ESCS
0,0,0,0,30,12,30,16,6,4,2,255,253,18,16,16,0,14,255,30,28,30,26,28,0,0,30,30,30,2,2,6,2,248,2,0,16,0,0,16,18,16,ESCS
0,0,16,0,0,12,14,22,30,14,6,28,28,14,30,6,6,20,28,16,16,6,16,16,2,2,26,16,0,24,2,0,28,30,16,0,24,0,0,24,2,26,ESCS
0,0,16,0,0,12,30,22,18,30,6,28,28,14,30,6,6,8,24,24,24,2,24,16,6,2,10,0,0,24,2,0,24,30,24,0,16,20,0,30,2,24,ESCS
0,0,16,0,0,14,26,22,30,14,6,28,28,30,30,6,2,10,24,16,24,6,28,28,4,2,8,0,0,26,2,0,26,30,30,0,0,30,0,28,2,26,ESCS
0,0,16,0,0,30,30,22,30,30,6,28,28,18,28,6,10,0,8,20,24,2,12,30,0,2,28,0,0,8,2,0,30,12,16,0,0,0,0,28,6,30,ESCS
0,0,16,0,0,12,30,22,2,14,6,28,28,16,24,6,2,0,28,12,30,2,8,30,4,4,30,0,0,8,18,8,28,28,0,0,24,0,20,30,0,26,ESCS
0,2,16,0,0,0,12,20,30,6,2,30,28,0,0,4,6,2,12,22,16,4,14,30,20,2,30,0,16,0,2,16,24,24,28,0,24,0,0,16,0,30,ESCS
0,2,16,0,0,8,14,20,14,22,2,30,28,0,8,6,6,2,12,30,16,4,30,30,22,2,30,0,16,0,2,24,24,24,28,0,24,16,0,20,0,28,ESCS
0,2,16,0,0,8,14,20,30,30,2,30,28,18,24,4,6,2,28,30,28,6,30,30,16,0,28,0,16,8,2,24,24,0,16,0,28,0,0,28,20,28,ESCS
0,2,16,0,0,8,14,20,14,14,6,28,28,2,24,12,6,14,28,26,24,18,30,30,0,2,26,16,0,24,2,24,24,0,16,0,28,0,24,24,20,28,ESCS
0,2,16,0,0,8,14,20,2,6,6,12,28,4,28,0,14,6,249,16,16,2,30,30,0,6,26,18,16,16,0,24,16,225,0,2,157,0,26,217,4,253,ESCS
0,0,0,0,30,30,30,16,4,4,6,191,153,30,16,0,0,14,219,30,8,14,30,28,2,0,30,28,30,22,2,6,6,232,2,2,26,2,0,16,26,16,ESCS
0,2,16,0,0,24,30,20,0,14,6,233,253,10,0,0,2,6,253,155,0,2,223,25,0,2,26,147,0,16,0,157,0,225,129,0,255,129,155,225,133,253,ESCS
0,0,16,0,0,6,16,30,30,18,0,255,255,14,221,6,14,0,253,221,140,2,144,0,2,0,2,0,8,20,0,22,0,241,0,0,16,0,0,153,16,225,ESCS
0,0,16,0,0,30,16,30,30,0,0,255,255,6,255,130,2,2,253,237,222,2,145,0,2,2,0,0,8,28,0,30,0,255,0,0,145,0,0,223,24,247,ESCS
0,0,16,0,0,30,22,30,14,18,0,255,255,6,203,2,0,2,249,205,158,2,144,0,2,18,2,0,8,20,0,30,0,255,0,2,17,0,0,145,28,247,ESCS
0,0,16,0,0,30,14,18,14,2,0,255,249,30,221,6,2,22,249,221,140,0,144,16,6,2,26,16,0,24,2,30,30,255,0,0,209,0,0,223,24,255,ESCS
0,0,16,0,0,30,14,16,12,2,0,30,29,30,16,2,2,14,249,28,14,2,16,16,4,2,2,0,0,0,2,8,22,253,0,0,145,16,0,213,0,255,ESCS
0,0,20,0,0,14,30,16,30,22,2,28,28,14,20,2,6,14,24,30,14,2,16,16,2,2,2,0,0,20,2,16,0,24,0,28,0,28,16,16,0,30,ESCS
0,0,20,0,0,30,14,16,14,2,4,30,28,6,16,0,2,14,16,30,28,2,30,16,2,2,6,0,0,0,6,0,16,28,0,16,18,28,2,16,0,30,ESCS
0,2,20,0,0,30,14,16,30,16,0,30,28,22,28,6,2,6,28,28,24,2,24,28,2,12,0,0,0,0,26,0,4,24,0,0,24,0,30,16,24,0,ESCS
0,2,20,0,0,30,30,16,30,0,0,8,30,14,28,6,6,6,24,30,28,26,28,0,2,12,0,0,0,2,26,0,0,0,0,0,16,14,30,18,0,0,ESCS
0,0,0,0,30,30,14,18,4,4,6,28,8,22,0,0,0,30,159,30,12,6,30,16,6,2,30,28,14,6,2,6,6,24,2,2,26,2,0,24,8,16,ESCS
0,10,20,2,0,14,30,16,30,0,0,28,30,14,28,2,6,2,0,28,14,2,24,0,2,10,2,0,0,0,2,0,0,26,18,0,0,0,26,28,16,30,ESCS
0,10,20,2,0,14,30,16,30,0,0,28,30,14,28,2,6,2,0,28,14,2,24,0,2,10,2,0,0,0,2,0,0,26,18,0,0,0,26,28,16,30,ESCS
0,10,20,2,0,14,30,16,30,0,0,28,30,14,28,2,6,2,0,28,14,2,24,0,2,10,2,0,0,0,2,0,0,26,18,0,0,0,26,28,16,30,ESCS
0,0,20,0,0,14,30,16,14,22,0,24,30,14,30,6,6,2,0,28,28,2,24,24,2,2,0,24,0,0,2,16,16,26,0,0,30,16,0,24,28,30,ESCS
0,0,20,0,0,14,30,16,14,22,0,24,30,14,30,6,6,2,0,28,28,2,24,24,2,2,0,24,0,0,2,16,16,26,0,0,30,16,0,24,28,30,ESCS
0,0,16,0,0,14,30,16,14,30,6,255,255,6,255,231,231,3,237,253,255,231,229,255,226,227,225,216,128,0,224,0,0,255,28,22,249,0,0,249,0,255,ESCS
0,0,16,0,0,14,30,16,14,14,6,255,255,15,255,239,239,213,255,249,253,227,249,209,2,251,247,145,16,0,98,16,0,227,0,8,241,17,16,255,0,243,ESCS
0,0,16,0,0,12,30,16,14,14,6,253,255,15,255,207,230,193,249,253,255,231,249,221,98,251,247,144,16,0,96,16,0,255,0,0,241,28,16,241,0,225,ESCS
0,0,20,0,0,28,14,24,30,14,6,255,255,14,253,9,196,146,255,249,253,6,253,217,2,26,0,145,24,0,2,16,0,229,0,0,241,0,20,249,0,255,ESCS
0,0,20,0,0,14,14,16,14,4,6,28,24,6,24,8,30,30,28,24,24,0,28,24,0,30,0,24,16,0,28,16,16,30,28,24,0,22,16,24,0,28,ESCS
0,0,4,2,30,30,14,28,30,4,6,28,20,22,4,4,30,30,30,28,0,2,28,24,0,2,4,16,16,0,0,14,6,2,2,18,28,2,2,28,2,24,ESCS
0,10,20,2,0,28,14,16,8,14,6,24,22,16,28,24,12,0,28,28,24,30,18,24,24,18,30,30,24,24,0,30,24,30,16,16,16,0,0,0,24,14,ESCS
0,26,0,0,30,2,30,16,4,30,2,30,30,16,8,6,2,4,26,28,28,26,16,0,0,16,6,0,0,0,22,0,0,24,18,24,16,0,26,0,4,24,ESCS
0,18,0,0,30,6,16,16,4,30,6,24,28,6,4,6,2,4,30,16,0,30,24,0,0,16,0,0,0,2,2,0,0,8,18,24,16,0,28,0,0,16,ESCS
0,16,0,0,30,22,0,16,4,30,6,24,30,6,2,2,2,6,12,0,0,30,16,0,0,16,0,0,4,2,18,0,0,8,2,24,0,2,24,0,0,16,ESCS
0,16,0,0,6,30,30,16,4,30,6,255,255,6,6,227,227,6,239,144,0,255,0,0,225,225,241,0,22,34,255,2,34,0,34,120,192,34,120,96,225,16,ESCS
0,16,0,0,2,13,29,16,2,30,0,253,255,255,209,230,227,225,253,217,144,227,209,0,226,241,227,145,0,4,227,29,4,233,0,2,225,129,35,225,127,225,ESCS
0,16,0,0,2,13,29,16,0,18,0,253,255,255,193,230,227,241,253,217,144,227,209,0,226,251,225,145,0,0,227,29,6,233,0,2,225,129,35,225,111,225,ESCS
0,16,0,0,2,13,29,16,20,18,0,253,255,253,129,226,227,241,237,217,144,227,209,0,226,251,225,129,0,20,227,28,6,233,0,2,225,1,34,231,110,225,ESCS
0,16,0,0,2,13,29,16,28,18,0,253,255,253,129,226,227,249,237,217,148,227,209,0,226,249,225,145,0,22,235,15,6,237,0,2,225,129,35,229,127,241,ESCS
0,16,0,0,2,13,29,16,30,18,0,255,253,253,128,226,227,249,233,193,148,227,145,0,226,249,225,16,0,18,251,15,6,253,0,2,241,3,34,239,110,241,ESCS
0,0,4,2,30,30,8,24,30,4,6,28,0,20,16,4,30,30,30,16,8,6,0,28,12,2,24,16,16,0,0,14,6,26,2,18,24,2,2,28,0,24,ESCS
0,16,0,0,2,13,29,16,10,18,0,255,253,253,128,226,227,233,237,136,20,227,16,0,227,225,225,0,4,18,255,6,6,255,0,34,225,3,34,239,126,241,ESCS
0,16,0,0,2,13,29,16,30,22,0,255,255,253,128,227,227,225,225,128,4,227,16,0,227,225,225,0,30,34,255,6,2,255,0,34,193,3,34,225,126,241,ESCS
0,16,0,0,2,13,29,16,28,0,0,255,255,255,128,227,227,225,225,128,4,227,16,0,227,237,225,0,12,38,255,7,2,239,0,34,193,3,34,231,126,241,ESCS
0,16,0,0,2,29,28,16,30,0,0,255,239,255,2,231,227,255,255,0,32,251,0,0,227,245,225,0,30,38,255,0,32,247,2,98,129,2,98,193,255,225,ESCS
0,16,0,0,2,4,28,16,24,30,0,255,255,243,213,230,231,255,253,249,129,227,209,144,230,227,251,129,0,4,226,23,2,255,18,0,225,17,0,225,0,241,ESCS
0,16,0,0,30,4,30,16,24,30,0,30,30,2,4,6,2,14,8,24,0,2,16,16,6,2,26,0,0,14,2,22,2,26,0,0,16,16,0,0,0,16,ESCS
0,16,0,0,30,4,30,16,26,30,0,30,14,2,12,6,18,30,28,24,0,4,16,0,30,2,26,0,6,30,2,6,2,24,30,6,0,0,0,0,16,16,ESCS
0,16,0,0,30,4,30,16,26,30,0,30,30,2,12,6,2,2,30,30,4,0,16,0,30,10,2,0,0,24,0,14,30,0,0,4,0,26,0,0,24,0,ESCS
0,18,0,0,30,4,24,16,26,30,0,30,30,2,12,6,6,30,8,30,4,0,26,0,30,26,10,0,0,0,0,12,30,0,0,12,20,30,0,0,24,18,ESCS
0,26,0,0,30,10,14,16,2,2,6,28,30,2,12,6,2,22,2,28,12,6,16,0,2,22,30,0,0,0,14,0,20,24,6,10,30,0,16,16,0,0,ESCS
0,0,4,2,30,30,0,16,30,4,2,12,0,6,20,4,30,30,6,24,0,6,24,24,12,2,24,16,16,0,0,30,6,30,0,18,24,0,18,28,0,28,ESCS
0,26,0,0,30,12,14,16,2,2,0,30,30,2,12,6,2,6,2,28,0,6,16,16,2,30,30,0,0,0,14,0,0,24,6,6,30,0,0,16,0,2,ESCS
0,16,0,0,30,30,16,16,30,24,0,30,30,30,30,30,6,30,24,0,30,20,4,26,30,6,6,26,0,2,2,4,2,20,2,16,16,22,2,24,0,16,ESCS
0,16,0,0,30,24,18,16,30,24,0,28,28,30,30,30,2,30,24,0,30,12,4,26,30,2,2,26,0,0,6,28,6,16,2,16,16,18,0,0,0,26,ESCS
0,16,0,0,26,16,0,16,30,24,4,253,255,28,222,22,2,157,253,161,90,20,143,30,30,10,243,16,0,0,2,14,6,241,2,0,20,0,2,0,0,253,ESCS
0,16,0,0,18,16,0,16,30,0,0,255,255,197,255,239,231,253,249,253,209,227,221,143,231,235,229,14,6,34,227,0,0,225,30,2,24,0,2,25,18,253,ESCS
0,16,0,0,18,6,2,16,30,0,0,255,255,5,253,138,6,221,249,253,209,6,221,143,2,30,229,4,6,6,2,0,0,225,4,2,24,0,2,25,0,253,ESCS
0,16,0,0,18,6,10,16,30,0,0,255,253,5,92,10,4,205,249,145,16,6,157,14,2,10,225,0,6,6,2,0,0,225,0,2,24,0,2,17,2,255,ESCS
0,16,0,0,18,2,14,16,30,0,4,255,255,5,28,26,4,205,249,16,0,6,157,14,2,34,225,0,2,6,2,0,0,225,0,2,16,0,4,17,2,255,ESCS
0,16,0,0,18,6,14,16,30,0,2,255,253,133,20,26,4,255,249,24,0,2,157,12,2,42,229,16,0,2,2,0,0,249,0,0,145,0,0,145,2,255,ESCS
0,16,0,0,2,6,14,16,30,0,2,255,253,133,149,222,133,255,225,217,128,2,221,12,2,106,229,16,0,2,2,0,0,249,0,0,145,0,0,145,2,255,ESCS
0,0,4,2,30,14,12,24,30,0,2,2,22,0,20,4,14,30,30,28,8,6,16,16,20,2,30,16,16,0,0,30,6,30,0,2,24,0,30,28,4,30,ESCS
0,16,0,0,18,0,14,16,30,0,2,255,225,133,16,30,4,255,233,24,0,2,157,30,2,98,229,16,0,2,2,0,0,253,0,0,145,0,4,145,0,251,ESCS
0,16,0,0,2,2,6,16,31,0,0,253,253,0,253,134,2,111,253,249,221,2,217,152,2,34,227,28,14,30,2,0,2,253,0,0,144,0,2,145,4,249,ESCS
0,16,0,0,26,30,6,16,30,16,0,253,253,16,28,10,4,14,253,28,0,2,24,16,6,2,227,28,14,6,2,0,2,249,0,0,144,0,2,145,4,241,ESCS
0,16,0,0,26,30,2,16,30,16,0,253,253,17,20,30,0,223,253,28,0,2,24,16,6,2,225,30,30,6,2,0,2,253,0,0,144,0,2,145,4,241,ESCS
0,16,0,0,26,30,2,16,30,16,0,253,253,17,4,6,14,223,253,28,0,2,24,0,2,2,225,12,30,6,6,0,2,255,0,0,145,0,0,145,4,241,ESCS
0,16,0,0,10,0,0,16,14,18,0,253,253,0,4,6,14,157,253,24,0,2,24,0,6,2,227,12,30,6,6,0,2,255,0,0,145,0,0,145,28,241,ESCS
0,16,0,0,2,10,30,16,14,16,0,253,201,0,4,6,6,20,249,24,0,6,16,0,6,6,2,24,12,30,2,16,0,255,0,0,16,0,0,0,16,241,ESCS
0,16,0,0,10,14,30,16,12,16,0,197,193,2,4,6,6,28,253,24,0,6,16,0,6,6,14,16,0,12,6,28,0,255,0,0,16,0,0,145,0,241,ESCS
0,16,0,0,10,30,6,16,14,16,0,153,153,0,4,6,6,28,253,24,0,6,16,8,6,6,30,24,0,0,30,0,16,249,0,0,16,0,16,145,28,241,ESCS
0,16,0,0,14,30,14,16,2,16,0,28,8,0,12,14,6,28,28,28,0,14,16,0,6,4,14,16,16,0,26,0,0,24,0,0,16,0,0,24,0,24,SCS
0,26,20,0,30,0,30,22,16,30,6,30,28,18,30,2,12,26,24,16,24,2,0,26,2,0,2,18,0,16,6,16,0,8,0,2,16,0,0,16,16,24,SCS
0,16,16,0,30,18,24,28,2,6,6,30,24,22,28,6,30,6,30,28,28,2,24,24,2,0,30,16,0,16,2,16,16,28,0,0,0,8,30,8,0,2,SCS
0,16,16,0,26,30,14,16,16,30,6,8,30,24,12,14,30,0,0,30,28,4,30,12,26,2,28,0,4,2,0,0,0,16,2,18,16,0,20,0,10,28,SCS
0,16,16,0,30,2,28,28,30,10,6,30,28,16,28,6,30,6,30,28,28,2,24,24,2,18,30,16,0,16,2,16,16,28,0,0,0,24,28,0,2,10,SCS
0,16,16,0,30,12,30,28,6,0,0,12,0,20,30,6,30,6,14,24,28,2,24,24,6,2,20,16,0,16,2,8,20,28,0,0,0,16,0,12,12,0,SCS
0,16,16,0,30,30,30,20,6,0,6,4,0,0,30,6,30,6,4,24,28,2,24,24,6,0,0,16,0,16,2,12,30,14,16,0,16,16,0,28,8,28,SCS
0,18,16,0,30,30,30,20,2,2,2,8,26,2,30,6,30,6,6,28,28,2,24,28,2,0,16,16,0,16,2,12,30,30,0,0,16,0,0,0,0,30,SCS
0,24,16,0,30,30,30,16,14,6,2,30,20,30,30,30,6,6,22,28,28,0,24,24,22,2,28,24,28,4,2,24,0,16,0,0,16,0,0,16,0,16,SCS
0,24,16,0,30,30,30,16,14,22,2,18,26,30,30,30,6,6,30,28,28,0,24,24,22,2,24,24,24,4,2,28,0,24,0,0,16,0,0,16,0,16,SCS
0,24,16,0,30,30,30,16,6,6,2,26,18,2,30,30,6,6,2,28,28,0,24,24,6,2,24,24,28,6,2,16,0,28,0,0,16,0,0,16,2,16,SCS
0,24,16,0,30,30,30,16,6,2,2,30,2,2,30,30,6,6,0,28,28,0,24,28,6,2,16,24,28,6,2,16,0,12,0,0,16,0,0,16,6,16,SCS
0,24,16,0,30,30,14,16,4,2,2,30,2,2,30,30,6,6,0,28,28,0,24,28,6,2,16,28,28,6,2,16,0,12,0,0,16,0,0,16,6,16,SCS
0,26,20,0,30,16,0,22,8,14,6,30,10,2,24,18,8,12,24,16,24,2,30,24,2,0,2,16,16,16,22,0,0,30,2,2,30,0,0,0,0,20,SCS
0,26,16,0,30,30,30,16,20,18,0,22,0,2,30,30,6,22,0,28,28,0,24,28,6,2,24,28,28,6,2,16,0,14,0,0,16,0,0,0,22,16,SCS
0,26,20,0,30,30,30,30,0,14,6,2,2,14,28,0,2,6,28,28,28,2,28,28,2,2,8,16,0,2,2,0,0,0,0,2,16,0,0,16,0,16,SCS
0,26,20,0,30,14,22,30,0,30,6,2,10,30,16,0,2,6,28,28,28,2,24,28,2,6,0,16,0,2,2,0,0,12,0,2,16,0,0,16,2,0,SCS
0,26,0,10,30,30,2,26,30,30,6,30,28,0,28,6,2,24,30,30,16,0,30,18,20,6,30,0,0,24,10,6,18,14,16,24,0,28,30,16,0,0,SCS
0,26,0,10,30,30,0,30,22,4,6,14,30,18,28,6,2,28,24,24,16,4,22,0,28,6,14,0,0,30,0,2,0,14,26,24,0,26,28,28,24,14,SCS
0,24,4,10,30,30,18,28,14,6,2,26,30,26,4,6,2,20,28,28,0,4,24,0,28,2,30,0,0,0,0,0,16,18,8,28,14,30,28,0,28,0,SCS
0,26,4,10,30,30,20,28,2,4,6,28,24,24,12,2,2,20,30,24,0,4,28,16,28,2,30,0,0,0,0,0,16,18,28,30,12,0,16,16,30,24,SCS
0,26,4,2,30,30,20,28,2,24,4,2,26,24,14,6,26,20,30,24,12,0,16,16,24,2,30,16,0,0,0,0,8,30,22,16,12,0,14,22,30,28,SCS
0,26,4,2,30,30,30,22,2,24,0,2,26,24,14,6,2,22,30,0,12,0,16,16,24,2,28,16,0,0,0,0,0,30,2,0,12,14,30,30,28,28,SCS
0,26,4,2,30,30,30,30,10,30,4,4,12,24,14,6,2,22,30,0,14,4,16,0,26,2,30,0,0,0,0,0,0,6,0,28,30,30,30,22,12,30,SCS
0,26,20,2,30,22,0,22,14,14,6,30,28,2,28,2,8,28,8,24,24,2,30,24,0,0,2,24,0,0,22,0,0,30,2,2,30,0,2,0,0,16,SCS
0,26,4,2,30,30,30,30,30,14,6,12,28,24,30,2,2,6,30,16,0,0,16,16,24,2,30,0,0,0,0,16,0,22,2,26,28,14,30,0,14,18,SCS
0,26,4,2,30,30,30,28,22,10,6,8,28,28,30,2,2,14,30,0,30,0,16,16,8,6,30,0,0,0,0,16,0,22,0,26,28,10,30,2,14,16,SCS
0,26,4,2,30,30,6,30,30,30,6,30,30,30,12,6,2,6,24,30,8,30,16,16,8,6,28,0,0,0,16,0,0,20,0,0,28,10,14,2,14,22,SCS
0,8,4,2,30,0,6,28,14,24,4,30,30,30,30,6,6,2,28,12,30,2,16,16,0,2,20,0,0,2,2,0,8,28,16,0,30,2,2,30,0,28,SCS
0,8,4,2,30,0,6,30,14,30,6,30,30,30,28,6,6,14,28,24,28,4,24,16,22,2,0,16,0,0,2,0,30,28,28,22,4,20,2,2,10,22,SCS
0,10,4,2,30,30,30,30,2,30,0,30,0,30,30,6,6,14,12,4,30,30,4,26,2,0,16,26,16,0,0,16,0,16,0,2,0,0,4,18,14,0,SCS
0,8,4,14,30,26,26,30,6,12,6,14,30,14,24,0,0,12,14,28,30,6,26,16,2,2,26,16,16,0,0,0,0,16,4,18,14,0,2,20,20,16,SCS
0,10,4,2,30,26,10,30,6,14,6,30,6,30,16,0,2,10,28,30,30,10,24,16,2,16,14,16,0,0,30,0,0,16,0,16,22,18,0,0,26,30,SCS
0,0,4,2,30,4,30,30,14,28,6,12,28,22,30,0,2,30,24,30,30,6,28,16,2,30,28,24,28,0,2,16,0,16,0,0,28,2,2,16,30,0,SCS
0,0,4,2,30,4,30,30,14,28,6,30,28,14,24,16,0,0,16,14,30,2,14,30,0,2,28,16,16,16,6,16,16,0,0,0,24,2,0,16,16,18,SCS
0,26,20,2,30,22,0,22,14,14,6,30,28,2,28,2,8,28,8,24,24,2,30,24,0,0,2,24,0,0,22,0,0,30,2,2,30,0,2,0,0,16,SCS
0,0,4,2,30,4,30,30,14,30,4,30,28,12,30,16,0,0,8,30,24,2,18,16,0,2,30,22,16,16,2,16,16,20,22,2,28,0,0,16,0,16,SCS
0,0,4,2,30,0,30,24,30,28,6,20,4,6,28,30,0,24,24,30,16,2,24,24,2,0,18,16,16,0,20,16,0,16,0,2,12,0,16,16,0,16,SCS
0,0,16,0,4,12,30,16,0,22,2,30,30,6,14,14,22,24,12,28,28,6,30,20,26,30,0,0,24,0,0,16,0,30,0,16,0,28,28,0,22,28,SCS
0,8,20,0,0,28,30,16,0,0,6,30,30,2,30,14,6,28,14,8,28,0,30,16,30,30,0,0,24,0,20,20,0,28,0,24,16,24,28,0,2,12,SCS
0,8,20,0,0,12,30,16,16,2,0,30,22,6,30,6,6,24,14,12,30,22,24,16,6,30,24,0,0,16,0,20,0,24,0,0,16,8,30,0,2,0,SCS
0,10,20,0,0,12,30,16,0,14,6,30,22,22,30,4,6,0,14,28,30,18,24,16,2,30,8,0,0,0,0,16,0,16,0,0,16,0,28,0,6,0,SCS
0,10,20,0,0,12,30,16,0,6,6,30,4,14,12,6,22,0,14,28,28,0,28,16,2,22,28,0,0,0,2,0,0,24,2,16,16,16,16,16,6,0,SCS
0,10,20,0,4,28,28,16,16,30,6,30,30,14,20,4,14,4,4,28,12,4,28,24,18,18,30,16,16,0,0,0,0,16,0,0,30,2,30,0,0,16,SCS
0,10,20,0,4,16,28,16,0,30,6,30,30,30,20,4,6,4,6,28,12,0,28,16,2,26,28,16,0,0,0,16,0,24,0,10,30,0,28,0,0,30,SCS
0,10,20,0,4,24,28,16,0,30,6,30,30,14,28,6,2,4,2,24,8,0,28,16,2,2,28,16,0,0,4,16,0,28,0,10,30,0,28,4,0,30,SCS
0,24,20,2,30,2,24,20,14,30,4,26,28,0,28,18,0,30,30,24,24,2,24,24,0,0,2,16,0,0,22,0,0,24,2,2,30,0,6,0,0,16,SCS
0,10,20,0,4,24,28,16,16,14,6,30,30,30,28,6,2,4,2,24,8,0,28,16,2,2,28,16,0,0,6,16,16,12,0,10,30,0,28,20,0,30,SCS
0,10,20,0,4,26,28,16,18,14,6,30,30,30,12,6,18,28,2,28,12,2,16,16,0,4,0,16,0,0,22,0,16,28,2,2,24,0,28,30,0,30,SCS
0,0,16,0,12,30,16,16,6,224,193,223,255,30,0,2,18,0,229,16,0,16,145,16,20,0,0,0,0,0,16,3,18,253,19,0,225,145,1,241,17,243,SCS
0,0,16,0,28,30,22,16,14,224,193,223,255,14,0,2,0,0,225,16,0,16,145,0,0,2,0,0,0,0,0,5,10,255,19,0,161,157,1,241,21,243,SCS
0,0,20,0,0,30,24,24,2,110,198,253,253,30,16,0,0,30,229,153,12,0,153,16,24,22,16,0,0,0,0,2,0,253,7,30,0,130,31,129,5,225,SCS
0,0,20,0,0,30,28,24,22,14,6,159,221,14,0,22,2,30,229,24,0,0,16,0,24,30,24,16,0,0,0,2,0,249,0,30,193,27,4,225,24,225,SCS
0,0,16,0,0,0,24,30,14,12,6,28,30,14,16,18,0,30,225,28,0,0,16,16,16,30,0,16,0,0,0,2,0,249,0,30,131,26,4,129,26,225,SCS
0,0,20,0,0,0,24,30,30,8,6,30,30,14,16,2,0,30,0,28,0,0,16,16,0,22,0,16,0,0,0,0,0,24,2,22,2,2,0,0,30,16,SCS
0,0,20,0,0,0,28,30,30,0,0,30,30,6,0,2,0,30,0,28,0,0,24,16,16,22,0,16,0,0,8,0,0,24,2,22,2,2,2,0,30,16,SCS
0,0,20,0,0,0,30,30,14,16,0,30,30,6,0,6,2,30,0,24,0,0,24,16,16,22,0,16,0,0,8,0,0,24,2,30,2,30,6,0,16,16,SCS
0,24,20,2,30,28,30,28,14,30,0,30,24,0,28,18,0,2,30,24,24,2,24,24,2,0,10,16,0,0,22,0,0,24,2,18,22,2,4,4,0,16,SCS
0,0,20,0,0,12,30,30,30,0,0,30,22,6,0,6,2,14,2,24,12,20,24,0,26,18,0,0,0,0,0,2,2,16,0,30,2,30,2,0,30,0,SCS
0,0,20,0,0,14,30,30,14,0,0,30,18,2,0,6,18,14,22,24,12,0,16,0,24,18,0,0,0,0,0,0,0,20,0,30,2,2,22,0,28,0,SCS
0,16,0,0,6,28,0,16,30,12,6,247,235,6,229,227,227,14,253,221,132,227,144,0,227,255,221,0,34,96,255,0,34,249,2,96,145,34,96,193,249,241,SCS
0,16,0,0,2,30,16,16,14,30,0,253,239,0,253,6,226,30,255,253,221,227,253,157,100,227,249,144,0,2,226,0,0,241,0,0,255,1,0,241,62,227,SCS
0,16,0,0,2,24,16,16,14,30,0,255,239,0,253,6,226,159,255,255,217,225,253,153,96,227,255,144,0,2,226,0,20,241,0,0,255,1,0,241,62,243,SCS
0,16,0,0,2,26,26,16,14,30,0,255,239,16,201,134,226,159,255,249,153,225,223,144,100,227,255,144,0,2,238,0,20,249,1,0,229,129,1,225,61,243,SCS
0,16,0,0,2,26,16,16,30,30,0,239,239,16,217,230,227,159,249,249,157,225,217,144,226,225,255,145,0,2,251,0,16,249,1,32,225,129,49,227,127,231,SCS
0,16,0,0,2,0,28,16,14,30,0,255,239,0,221,226,243,15,249,217,156,225,153,0,224,225,253,0,0,0,251,0,16,249,0,32,243,17,32,243,124,227,SCS
0,16,0,0,2,0,28,16,30,30,0,239,255,0,205,230,251,15,249,217,148,225,153,0,224,225,253,0,0,0,251,0,16,249,0,32,241,1,40,243,116,231,SCS
0,16,0,0,2,0,20,16,30,30,0,239,255,16,205,226,251,15,249,217,144,227,145,0,224,249,253,0,0,0,251,0,0,255,0,32,241,17,40,227,100,231,SCS
0,24,20,2,22,30,8,24,0,30,0,30,24,10,28,2,0,6,30,24,12,2,24,16,2,6,2,16,0,0,16,0,0,16,6,30,22,14,22,0,0,16,SCS
0,16,0,0,2,0,20,16,14,30,0,255,255,0,141,226,235,15,253,217,144,227,145,0,224,241,255,0,0,0,225,16,0,255,0,32,241,1,40,225,126,229,SCS
0,16,0,0,2,12,30,16,30,30,2,255,255,0,133,230,235,15,241,209,128,227,144,0,224,225,255,0,0,20,241,22,0,241,0,32,225,1,40,225,102,255,SCS
4,2,28,12,30,16,0,30,30,6,6,28,30,24,24,12,6,6,16,16,16,18,14,30,0,12,30,0,0,2,30,0,20,24,2,24,4,4,18,0,30,28,SCS
0,2,28,28,30,16,0,30,30,6,6,14,14,16,28,4,2,14,16,16,16,30,14,30,2,14,30,4,6,26,30,0,26,16,30,16,0,0,22,22,24,20,SCS
0,10,28,30,30,16,0,30,14,14,6,2,30,0,30,0,2,14,0,16,16,14,30,22,30,28,2,12,6,30,30,0,26,24,30,26,6,0,22,0,24,20,SCS
0,10,28,30,30,18,0,30,14,14,6,30,14,0,30,2,0,14,0,16,16,30,30,18,26,28,22,4,6,30,30,2,24,16,28,30,14,2,22,0,24,20,SCS
4,10,30,30,18,18,16,30,14,14,6,30,14,0,30,2,0,14,0,16,16,26,22,16,14,30,22,4,14,30,28,18,16,16,28,30,30,6,2,0,24,20,SCS
4,10,30,30,18,2,16,30,14,14,6,30,14,0,30,2,0,30,16,16,16,24,16,16,30,14,22,0,0,28,24,30,24,16,28,16,30,6,22,0,24,16,SCS
4,10,30,30,22,2,0,30,30,14,6,30,30,4,30,2,2,30,16,16,16,28,28,20,30,14,22,0,0,28,24,30,24,24,30,26,30,6,30,0,24,16,SCS
4,14,30,30,22,2,0,30,30,30,6,30,14,0,30,6,2,30,16,16,16,16,28,30,30,14,30,0,0,24,0,30,16,24,14,30,30,6,2,16,24,16,SCS
0,24,20,0,18,0,24,28,22,22,2,28,28,0,28,2,0,30,30,24,28,14,24,24,2,0,6,16,0,0,0,0,0,16,2,30,14,30,22,0,2,0,SCS
4,10,30,30,4,2,0,30,30,14,6,2,14,0,28,6,6,30,16,16,16,24,28,30,30,14,30,16,0,16,16,28,20,28,14,30,30,6,2,16,24,0,SCS
0,18,0,0,22,6,14,18,30,0,0,30,30,16,30,4,2,14,28,8,14,2,30,0,2,18,0,6,26,0,2,26,0,24,0,0,16,0,0,0,8,0,SCS
0,18,0,0,22,14,14,26,30,0,0,30,30,16,30,4,6,14,28,8,14,2,30,0,2,2,16,2,26,0,2,30,4,30,0,2,16,0,0,0,0,0,SCS
4,18,0,0,18,14,14,18,30,16,0,30,30,16,26,12,6,6,12,14,30,6,30,0,2,2,28,2,26,0,2,30,28,30,4,2,16,0,0,16,0,16,SCS
4,18,0,0,18,14,12,18,14,16,0,30,12,0,10,28,6,4,12,14,30,6,30,0,6,2,8,2,26,0,2,30,30,30,20,2,16,0,0,16,2,16,SCS
0,18,0,0,18,14,8,16,0,16,0,30,30,0,0,4,2,6,12,14,30,6,30,4,6,2,12,6,18,0,2,30,30,30,4,18,16,0,2,16,2,16,SCS
0,18,0,0,22,14,30,18,30,14,6,255,255,3,8,6,6,199,16,30,24,2,8,28,0,2,255,30,6,2,6,2,10,24,30,18,16,2,0,16,10,16,SCS
0,18,0,0,6,14,30,16,14,14,6,255,255,3,8,22,2,199,0,30,24,2,16,24,8,38,255,30,22,2,2,2,14,24,6,18,16,2,0,16,0,16,SCS
0,16,0,0,30,30,14,16,0,14,6,255,255,3,8,6,2,199,8,24,24,6,30,24,14,6,255,30,22,2,2,4,6,24,6,30,28,2,16,16,0,24,SCS
0,16,0,0,14,30,14,16,24,14,6,255,255,3,24,6,2,199,4,24,24,6,30,16,14,6,250,30,30,2,0,4,6,28,6,30,28,2,18,16,0,24,SCS
0,16,16,0,28,16,24,28,30,14,6,30,28,6,28,6,30,4,30,28,28,2,24,24,2,2,30,16,16,16,2,20,0,28,0,0,0,12,30,0,0,16,SCS
0,16,0,0,14,30,14,16,0,14,6,255,255,3,24,6,26,195,142,16,24,14,30,16,12,6,250,28,30,6,4,0,6,28,6,26,28,0,18,16,0,24,SCS
0,18,16,0,30,30,30,30,16,14,6,0,2,22,30,30,24,22,30,12,30,2,24,28,4,2,6,16,0,0,2,0,0,0,0,16,28,0,0,0,28,0,SCS
0,18,16,0,30,30,30,30,18,6,6,28,12,28,14,22,26,2,12,24,28,0,24,16,0,2,4,0,0,0,0,0,8,16,24,0,24,22,0,24,28,8,SCS
0,18,16,0,30,14,30,30,18,2,6,12,10,28,30,6,26,0,8,28,24,0,24,16,16,2,18,16,0,0,0,0,0,20,28,0,16,18,0,16,8,0,SCS
0,18,16,0,30,14,30,28,30,24,0,28,28,30,30,14,6,0,24,30,30,0,4,30,26,0,0,16,16,0,0,22,2,0,0,0,28,12,30,16,0,16,SCS
0,18,16,0,14,14,14,28,20,24,0,28,30,28,30,6,6,24,24,14,30,0,30,22,18,0,0,0,0,0,0,6,2,0,0,0,28,4,6,16,6,24,SCS
0,18,16,0,30,14,30,24,0,22,2,28,30,28,30,4,6,24,8,26,28,0,30,18,2,0,0,16,0,16,16,14,22,0,0,0,24,8,6,24,26,28,SCS
0,16,16,0,30,14,14,24,0,14,6,30,30,28,30,0,6,24,8,26,28,18,30,0,4,0,0,16,0,0,2,6,22,0,0,0,16,8,28,24,30,24,SCS
0,16,16,0,14,30,30,24,30,14,6,8,30,20,30,30,14,0,8,14,30,0,30,12,10,2,28,16,0,0,2,0,0,16,2,22,16,0,0,16,12,30,SCS
0,16,16,0,14,30,30,16,28,30,6,8,30,16,30,14,30,0,8,30,30,0,30,12,26,2,28,0,4,2,0,0,0,16,2,18,16,0,0,16,18,30,VSCS
0,26,20,0,30,0,16,30,16,22,2,30,28,18,16,0,6,2,30,28,30,2,28,28,2,2,0,16,0,0,6,2,2,24,2,2,16,0,2,0,0,16,VSCS
0,16,16,0,26,28,4,16,14,30,6,28,24,22,14,6,14,24,223,16,16,2,30,30,6,2,0,4,2,2,0,0,2,249,0,0,16,2,2,0,30,6,VSCS
4,26,16,0,0,26,16,30,0,14,6,8,22,4,24,12,6,26,30,30,28,2,26,28,2,30,28,16,0,16,2,16,0,2,0,0,16,0,0,0,0,16,VSCS
0,16,16,0,26,30,4,16,30,30,6,28,24,2,14,6,6,24,255,16,16,2,30,30,2,2,0,0,2,2,2,2,2,253,0,0,0,2,2,0,10,0,VSCS
0,16,16,0,30,30,4,16,14,30,6,28,24,2,12,6,6,24,30,16,16,2,30,30,2,2,0,0,0,2,2,2,0,30,18,0,0,2,2,2,8,6,VSCS
0,16,16,0,30,30,4,16,30,30,6,24,28,18,28,6,6,24,24,16,16,2,30,30,2,16,0,20,2,2,2,0,0,30,30,6,0,18,0,6,0,14,VSCS
0,16,16,0,30,14,6,16,30,30,0,24,30,2,28,6,2,24,24,16,16,18,30,30,2,0,0,20,2,2,2,0,2,30,0,6,0,6,2,14,2,28,VSCS
0,24,16,0,30,12,6,16,30,30,0,26,30,0,28,6,6,28,28,16,16,0,30,14,2,16,0,0,2,2,0,2,2,30,0,22,0,14,6,14,2,28,VSCS
0,26,20,0,30,30,4,18,4,0,2,30,0,0,30,6,6,30,26,28,30,18,20,26,2,18,2,28,2,2,2,0,2,30,2,2,0,0,0,0,6,0,VSCS
0,26,20,0,30,30,16,18,30,0,0,12,30,0,30,6,6,30,16,28,28,22,28,16,2,18,6,0,2,2,2,0,2,24,2,2,0,2,2,0,30,16,VSCS
0,26,20,0,30,30,26,18,30,16,0,14,28,16,14,6,2,28,0,28,30,2,16,16,2,18,6,0,2,2,2,0,2,24,2,2,0,2,2,0,2,16,VSCS
0,26,20,0,30,30,8,18,14,16,0,28,16,16,14,6,6,24,0,20,18,2,0,0,2,18,6,0,22,2,2,0,0,24,2,2,0,2,2,0,6,16,VSCS
0,26,20,0,30,16,0,30,0,16,0,28,28,16,16,0,6,2,30,30,30,2,28,28,2,2,0,16,0,0,6,0,2,24,2,2,0,2,2,0,10,16,VSCS
0,26,20,0,30,30,24,18,28,16,0,30,0,16,14,14,6,16,14,20,2,2,0,0,2,18,18,8,30,2,2,2,0,24,2,2,0,2,2,0,2,16,VSCS
0,16,0,0,30,0,30,16,30,22,0,20,0,2,28,2,2,0,153,24,16,20,24,16,30,2,14,16,0,0,4,0,26,247,26,20,0,16,0,22,28,8,VSCS
0,16,0,0,30,2,0,16,28,24,4,4,2,6,30,2,0,0,153,24,16,28,16,0,26,2,26,16,0,0,0,0,0,223,30,30,22,16,0,2,28,0,VSCS
0,16,0,0,30,2,28,16,24,0,6,0,2,6,14,18,0,0,217,24,0,28,16,0,26,0,26,0,0,0,4,0,0,251,30,30,22,16,0,6,24,16,VSCS
0,16,0,0,30,4,6,16,16,0,4,0,2,6,14,22,2,0,217,24,0,28,16,16,30,2,30,0,0,0,4,0,0,255,16,24,30,16,16,6,24,16,VSCS
0,16,0,0,30,30,2,16,28,22,2,8,26,6,30,6,2,4,28,24,16,0,16,16,28,2,30,0,0,0,0,0,0,255,16,24,30,18,16,0,10,19,VSCS
0,16,0,0,30,0,16,16,14,6,6,26,30,6,28,6,2,6,30,28,16,0,16,16,4,0,22,16,0,0,0,0,0,30,2,24,30,26,28,8,16,6,VSCS
0,24,0,2,30,14,2,16,30,2,2,24,26,10,28,6,2,6,24,24,0,2,16,16,0,0,4,16,0,0,28,0,0,4,0,30,4,26,20,0,12,14,VSCS
0,26,0,2,30,30,30,16,2,2,2,24,16,0,4,2,2,30,28,28,0,18,16,0,2,0,18,16,0,0,28,0,0,16,0,0,0,26,4,12,2,22,VSCS
0,26,0,2,30,2,0,16,16,2,6,2,24,2,6,2,2,26,24,0,0,18,16,0,2,4,6,0,0,0,24,0,0,0,2,0,8,6,6,24,6,28,VSCS
0,26,20,0,30,16,0,30,30,16,0,30,28,28,16,2,6,10,24,30,30,2,30,20,2,2,0,0,0,0,2,0,0,0,0,2,0,2,2,0,4,16,VSCS
0,26,0,2,30,2,22,16,30,0,6,0,30,2,14,30,2,26,24,0,18,8,0,0,2,0,14,0,0,0,28,2,0,0,0,0,16,2,30,28,0,6,VSCS
0,0,4,2,30,0,30,24,30,30,6,4,2,14,28,22,0,24,28,28,16,0,16,16,2,18,6,16,0,0,2,0,0,16,0,2,0,0,18,30,6,30,VSCS
0,0,0,2,30,20,0,16,30,30,2,28,16,28,28,6,2,24,24,24,24,0,24,16,2,0,2,16,0,0,2,0,16,24,20,0,0,0,2,2,14,0,VSCS
0,0,0,2,30,0,0,16,6,30,6,28,16,0,28,22,0,28,28,28,24,26,16,16,2,2,26,16,0,0,0,16,0,24,0,0,0,0,20,0,30,0,VSCS
0,8,4,10,30,0,16,28,0,14,6,16,0,8,28,6,2,8,28,24,16,18,16,16,0,0,0,16,0,0,0,0,0,30,0,2,0,2,12,24,28,30,VSCS
0,0,4,10,30,14,14,28,0,30,6,28,24,0,28,6,2,14,28,30,28,18,16,16,0,0,12,6,6,6,0,0,0,0,0,2,0,0,30,28,30,10,VSCS
0,0,4,2,30,14,6,28,24,30,4,28,28,2,30,6,2,30,28,28,30,6,16,16,2,6,30,14,14,6,8,0,0,16,0,0,0,16,8,0,20,30,VSCS
0,0,4,2,30,14,10,24,24,30,0,2,30,6,28,6,6,14,28,30,28,2,30,24,6,4,26,16,0,0,18,2,0,24,0,6,0,0,0,0,12,0,VSCS
0,0,4,2,30,30,30,24,0,6,6,30,30,8,30,6,6,14,28,4,30,2,0,30,2,26,30,16,0,2,0,0,2,30,2,0,0,18,0,0,30,16,VSCS
0,0,4,2,30,30,30,24,0,0,6,30,26,18,16,0,0,14,30,14,30,2,24,28,2,26,0,0,30,0,6,18,0,28,2,2,16,0,0,16,22,16,VSCS
0,26,20,0,30,18,0,20,28,24,0,30,30,18,30,6,2,26,28,0,30,2,30,30,2,2,4,16,0,0,2,0,0,24,0,0,0,2,2,0,0,0,VSCS
0,0,0,2,30,30,30,24,16,6,6,30,28,30,0,0,0,30,30,30,14,6,26,0,6,6,24,0,16,0,2,30,4,24,0,0,0,0,0,0,10,16,VSCS
0,0,16,0,0,16,28,16,14,30,6,255,253,30,253,158,30,24,255,255,223,16,221,156,18,0,0,16,16,0,2,16,0,241,0,2,145,0,2,209,22,251,VSCS
0,0,16,0,0,0,26,16,14,30,6,253,253,0,159,6,30,8,249,157,30,16,152,16,2,2,0,16,16,0,0,0,0,241,2,0,16,0,2,0,28,249,VSCS
0,0,16,0,0,12,30,16,10,14,6,28,20,30,28,6,22,0,30,30,24,18,30,16,2,2,8,24,16,0,0,0,0,28,2,2,16,0,2,16,0,0,VSCS
0,0,16,0,4,30,30,16,14,30,6,28,2,0,28,6,22,12,30,28,28,16,28,16,6,0,30,16,16,0,18,0,0,24,22,2,30,0,2,0,16,30,VSCS
0,0,16,0,4,30,30,16,14,6,6,28,6,18,28,6,22,30,30,30,28,2,24,16,2,30,24,16,0,0,30,0,0,30,0,0,24,18,0,30,0,0,VSCS
0,0,16,0,4,30,30,16,18,14,6,28,0,2,30,30,6,30,30,30,28,2,24,16,2,0,12,24,16,0,30,0,0,30,0,0,16,4,2,28,0,30,VSCS
0,2,20,0,4,30,26,16,16,14,6,28,0,4,28,6,6,14,28,30,0,2,24,16,2,2,0,24,16,0,2,0,0,30,0,0,16,0,22,2,0,30,VSCS
0,2,20,0,0,30,22,16,18,14,6,28,30,0,30,30,2,2,28,28,30,22,24,24,2,0,0,16,0,0,2,0,0,30,0,0,0,0,0,16,2,28,VSCS
0,0,16,0,0,30,28,16,2,14,6,28,6,26,30,6,6,0,28,30,30,18,24,28,2,18,0,0,0,0,2,0,0,30,0,0,16,0,0,0,2,20,VSCS
0,26,20,0,30,0,0,28,30,18,0,30,28,26,30,2,6,26,28,0,30,2,30,30,2,2,12,16,0,0,2,2,2,24,0,0,0,18,0,2,0,16,VSCS
0,0,16,0,0,30,28,16,0,14,6,255,227,14,148,4,6,0,255,157,8,2,144,16,2,2,30,16,0,0,2,0,0,255,0,0,153,0,0,209,2,225,VSCS
0,8,20,2,0,30,30,16,4,28,0,28,28,14,28,2,2,6,6,24,0,26,16,0,2,0,16,16,16,0,30,0,0,24,4,2,30,0,6,6,28,16,VSCS
0,10,20,2,0,30,30,16,4,30,4,28,28,12,12,2,2,6,4,28,16,26,16,16,2,0,16,16,0,0,30,0,0,24,4,2,30,4,6,6,16,0,VSCS
0,10,20,2,0,30,30,16,14,30,6,28,28,0,12,6,2,2,30,28,16,18,24,16,2,16,16,0,0,0,30,0,0,24,0,4,30,30,2,6,16,0,VSCS
0,10,20,2,0,30,14,16,4,22,2,28,16,0,28,6,2,2,30,24,16,26,24,16,2,8,16,0,0,0,30,0,0,24,16,0,14,30,6,6,18,16,VSCS
0,10,20,2,0,30,30,16,4,22,2,28,16,8,28,6,2,0,30,24,16,30,24,16,6,24,16,0,0,0,14,0,0,24,0,30,30,16,8,30,0,16,VSCS
0,10,20,2,0,30,30,16,4,22,2,28,16,8,28,6,2,0,30,24,16,30,24,16,6,24,16,0,0,0,14,0,0,24,0,30,30,16,8,30,0,16,VSCS
0,0,16,0,0,30,30,16,24,30,6,28,28,0,28,4,14,24,24,24,16,6,24,0,0,26,6,16,16,0,2,30,2,30,0,0,6,0,8,6,30,30,VSCS
0,2,20,0,0,22,0,16,24,22,2,28,28,0,28,6,10,24,24,24,16,2,24,16,0,26,22,16,0,0,2,16,0,30,2,18,22,0,0,6,30,30,VSCS
0,2,24,0,0,0,10,20,14,0,0,30,8,0,6,0,6,16,0,0,0,30,0,0,2,0,30,16,16,0,24,22,0,14,0,30,18,30,22,26,2,4,VSCS
0,18,16,0,30,16,16,28,0,0,0,30,28,18,30,2,6,26,28,0,30,2,30,30,2,2,12,16,0,0,6,2,2,28,2,0,0,18,8,0,0,16,VSCS
0,2,28,0,0,18,0,26,30,2,0,20,4,0,28,6,10,16,24,24,24,2,16,16,2,18,30,0,0,16,2,0,0,14,0,0,30,30,14,6,4,30,VSCS
0,16,0,0,30,30,10,16,8,30,6,28,2,0,12,2,6,14,28,16,16,6,2,0,0,0,0,0,0,0,0,16,0,28,0,0,0,0,0,0,30,24,VSCS
0,16,0,0,30,30,30,16,10,30,6,30,0,0,12,2,6,14,28,16,0,6,2,16,0,16,0,0,0,2,0,0,0,20,0,0,0,0,0,0,30,24,VSCS
0,16,0,0,30,30,30,16,30,30,2,14,14,0,12,2,6,14,30,16,0,18,0,0,2,2,0,0,0,2,0,0,2,16,0,0,0,0,0,0,14,0,VSCS
0,16,0,0,30,30,14,16,30,30,2,12,14,0,12,2,14,14,8,16,0,18,0,0,2,10,16,16,0,2,0,0,2,16,0,2,0,0,6,0,30,0,VSCS
0,16,0,0,30,30,28,16,0,14,6,30,24,16,28,6,6,2,28,24,24,30,30,16,6,2,0,2,16,0,0,24,0,24,0,0,0,0,0,0,14,16,VSCS
0,16,0,0,30,6,24,16,2,30,6,16,30,16,28,6,2,4,24,28,24,10,18,16,2,0,18,18,24,0,0,16,0,16,0,2,16,0,0,0,30,16,VSCS
0,16,0,0,30,14,24,16,6,30,6,16,30,16,28,6,2,12,24,28,16,30,16,16,6,0,18,18,16,0,0,16,0,16,0,2,0,0,0,0,28,0,VSCS
0,16,0,0,30,30,30,16,30,30,6,8,30,0,28,2,2,10,24,24,24,30,30,16,6,0,18,16,16,0,0,0,0,16,2,2,0,0,2,0,30,0,VSCS
0,16,0,0,30,2,30,16,14,30,0,10,30,0,28,2,2,8,12,24,16,30,30,16,22,0,18,8,20,0,0,0,0,16,2,2,0,0,2,0,30,0,VSCS
0,16,16,0,30,0,30,28,0,0,0,28,28,16,30,2,6,24,28,0,30,6,30,22,2,2,30,0,0,0,6,2,2,24,2,4,0,26,12,0,0,16,VSCS
0,16,0,0,30,2,14,16,6,30,6,14,30,0,28,2,2,8,12,24,16,30,30,16,22,0,22,0,20,0,0,0,0,24,2,18,0,6,14,0,30,0,VSCS
0,8,28,6,14,8,22,30,14,4,6,2,30,0,28,4,30,16,24,22,24,6,0,22,16,2,6,0,0,20,0,16,0,0,28,30,14,30,0,30,0,22,VSCS
4,2,20,0,2,18,16,30,22,0,6,30,14,0,28,6,30,0,24,28,28,2,28,24,0,6,12,16,16,0,2,16,0,0,16,16,30,26,0,14,30,20,VSCS
4,2,22,2,0,4,26,22,8,10,4,20,2,12,30,12,6,2,28,24,12,22,30,0,2,6,4,0,16,0,28,16,0,0,0,24,30,18,16,0,12,8,VSCS
4,2,28,0,8,14,26,16,14,14,6,12,28,18,24,12,6,0,30,24,28,2,30,16,0,22,14,16,16,0,16,0,0,16,2,2,24,0,0,20,28,2,VSCS
4,2,28,14,30,6,14,30,30,14,6,28,28,4,18,12,14,24,16,8,14,26,24,24,2,0,14,24,16,0,0,16,0,24,0,2,0,2,2,24,20,0,VSCS
4,10,28,30,18,28,0,30,30,8,6,0,24,0,28,14,30,22,24,24,24,0,30,16,0,0,30,18,0,0,20,0,0,0,0,30,0,8,20,4,20,24,VSCS
4,10,28,30,18,28,0,30,30,8,6,0,24,0,28,14,30,22,24,24,24,0,30,16,0,0,30,18,0,0,20,0,0,0,0,30,0,8,20,4,20,24,VSCS
0,2,28,28,30,28,28,30,0,18,0,30,24,14,30,14,6,30,12,24,24,14,24,16,2,24,24,16,16,0,16,16,0,0,0,0,0,2,8,12,30,16,VSCS
4,10,28,30,0,30,28,30,24,12,6,14,4,6,28,6,6,0,30,28,24,14,24,24,2,20,26,16,0,0,16,0,0,16,0,0,16,4,22,30,14,0,VSCS
0,16,16,0,30,2,30,28,0,0,0,28,28,16,30,2,6,16,28,0,22,2,30,6,2,2,30,0,0,0,14,2,2,16,2,14,0,16,0,2,0,16,VSCS
0,8,28,30,4,2,6,30,16,0,2,30,0,16,30,14,6,0,24,30,28,6,24,0,2,6,8,16,0,0,0,0,0,8,0,0,16,16,0,6,0,0,VSCS
0,16,0,0,14,30,14,24,16,2,6,255,255,15,28,6,26,6,6,24,16,4,28,16,24,6,21,2,10,30,0,30,10,16,30,2,28,2,0,16,4,26,VSCS
0,16,0,0,14,30,14,16,16,24,4,253,231,15,28,2,26,4,30,24,24,4,30,16,24,14,28,2,10,30,8,30,14,16,30,6,30,0,0,16,22,28,VSCS
0,16,0,0,22,31,4,16,30,10,4,253,255,159,0,6,26,141,129,30,30,12,16,0,24,6,185,22,2,2,4,10,30,24,12,30,0,30,22,28,26,30,VSCS
0,16,0,0,2,31,0,16,30,26,4,255,247,159,0,4,18,30,221,30,14,12,16,0,28,2,121,22,2,2,4,2,14,24,28,30,0,30,18,28,30,24,VSCS
0,16,0,0,2,31,0,16,30,26,4,255,247,159,0,4,18,30,221,30,14,12,16,0,28,2,121,22,2,2,4,2,14,24,28,30,0,30,18,28,30,24,VSCS
0,16,0,0,6,31,0,16,30,30,6,253,225,14,4,0,30,0,253,30,12,28,16,0,24,10,26,16,0,0,0,2,30,24,30,14,2,6,30,30,6,8,VSCS
0,16,0,0,2,6,0,16,30,30,6,8,28,12,16,0,6,8,157,30,14,24,24,0,24,28,30,0,16,0,24,0,10,30,30,26,2,14,30,14,4,24,VSCS
0,16,0,0,30,2,0,16,30,14,6,14,30,4,0,0,2,14,28,30,14,18,24,0,2,30,22,0,16,0,24,0,0,30,4,26,6,12,30,0,20,30,VSCS
0,16,0,0,30,0,4,28,30,30,6,30,28,14,0,0,0,14,8,30,6,30,24,0,2,30,18,0,16,0,8,0,0,30,0,28,0,30,30,14,30,28,VSCS
0,16,16,0,30,14,30,28,30,16,0,26,30,16,6,6,2,16,28,0,2,2,6,2,2,0,30,0,0,0,6,2,2,24,2,0,2,18,0,0,22,18,VSCS
0,16,0,0,30,20,2,24,14,30,0,28,28,14,28,6,6,2,28,30,28,30,30,24,2,4,30,16,0,0,30,0,0,14,0,2,0,0,14,22,30,0,VSCS
0,16,16,0,26,30,2,16,6,18,0,2,2,22,30,6,6,30,198,24,16,30,16,16,6,26,2,16,16,0,6,0,16,0,6,2,0,0,8,0,28,0,VSCS
0,16,16,0,26,14,30,16,0,28,4,0,2,30,30,12,6,2,6,30,30,14,24,16,2,2,0,0,0,16,2,16,0,0,4,2,16,0,0,0,30,0,VSCS
0,16,16,0,26,30,14,16,0,30,0,2,2,14,28,6,6,2,2,30,28,6,28,16,18,6,2,16,0,0,0,28,22,0,0,2,18,0,0,16,24,0,VSCS
0,16,16,0,26,22,18,16,0,30,6,2,14,26,28,6,6,2,30,28,8,22,24,16,18,0,18,16,0,0,0,16,0,2,0,0,0,0,2,0,24,0,VSCS
0,16,16,0,26,16,24,16,0,14,6,2,2,26,30,6,6,6,30,28,28,16,24,16,18,0,30,16,0,0,0,0,0,2,0,2,0,0,26,0,28,0,VSCS
0,16,16,0,30,0,24,26,0,30,6,2,2,26,30,6,6,6,28,28,24,16,16,16,2,16,16,16,16,0,0,0,0,10,16,0,2,0,10,0,30,16,VSCS
4,18,16,0,30,20,18,24,16,14,6,2,0,26,28,6,6,22,28,28,28,18,24,16,2,24,20,16,0,0,26,0,0,30,0,0,2,30,12,0,24,0,VSCS
4,18,16,0,0,0,18,14,4,14,6,2,24,24,30,6,6,6,30,28,28,24,16,16,2,4,16,16,0,0,30,0,0,30,0,0,0,12,30,6,16,0,VSCS
4,18,16,0,0,0,2,14,16,28,6,2,0,26,28,6,6,6,24,24,28,26,16,16,2,4,16,16,0,0,28,0,0,30,0,10,0,0,30,10,20,14,VSCS
